collected,value,metric
2020-08-28 21:34:57,3.3450000000000000,avg_latency
2020-08-28 21:34:57,20.324,max_latency
2020-08-28 21:34:57,0.405,min_latency
2020-08-28 21:34:57,5280,rate
2020-08-28 21:34:58,3.2750000000000000,avg_latency
2020-08-28 21:34:58,19.725,max_latency
2020-08-28 21:34:58,0.368,min_latency
2020-08-28 21:34:58,7305,rate
2020-08-28 21:34:59,3.4330000000000000,avg_latency
2020-08-28 21:34:59,20.100,max_latency
2020-08-28 21:34:59,0.412,min_latency
2020-08-28 21:34:59,7012,rate
2020-08-28 21:35:00,3.3890000000000000,avg_latency
2020-08-28 21:35:00,24.600,max_latency
2020-08-28 21:35:00,0.418,min_latency
2020-08-28 21:35:00,7077,rate
2020-08-28 21:35:01,2.5760000000000000,avg_latency
2020-08-28 21:35:01,35.455,max_latency
2020-08-28 21:35:01,0.393,min_latency
2020-08-28 21:35:01,9320,rate
2020-08-28 21:35:02,2.1090000000000000,avg_latency
2020-08-28 21:35:02,12.216,max_latency
2020-08-28 21:35:02,0.394,min_latency
2020-08-28 21:35:02,11387,rate
2020-08-28 21:35:03,1.9420000000000000,avg_latency
2020-08-28 21:35:03,7.762,max_latency
2020-08-28 21:35:03,0.383,min_latency
2020-08-28 21:35:03,12357,rate
2020-08-28 21:35:04,2.2640000000000000,avg_latency
2020-08-28 21:35:04,19.423,max_latency
2020-08-28 21:35:04,0.386,min_latency
2020-08-28 21:35:04,10565,rate
2020-08-28 21:35:05,3.1910000000000000,avg_latency
2020-08-28 21:35:05,24.516,max_latency
2020-08-28 21:35:05,0.424,min_latency
2020-08-28 21:35:05,7546,rate
2020-08-28 21:35:06,3.4170000000000000,avg_latency
2020-08-28 21:35:06,21.096,max_latency
2020-08-28 21:35:06,0.395,min_latency
2020-08-28 21:35:06,6993,rate
2020-08-28 21:35:07,3.1050000000000000,avg_latency
2020-08-28 21:35:07,23.881,max_latency
2020-08-28 21:35:07,0.371,min_latency
2020-08-28 21:35:07,7761,rate
2020-08-28 21:35:08,3.4490000000000000,avg_latency
2020-08-28 21:35:08,33.585,max_latency
2020-08-28 21:35:08,0.408,min_latency
2020-08-28 21:35:08,6897,rate
2020-08-28 21:35:09,4.3330000000000000,avg_latency
2020-08-28 21:35:09,39.043,max_latency
2020-08-28 21:35:09,0.434,min_latency
2020-08-28 21:35:09,5589,rate
2020-08-28 21:35:10,3.2430000000000000,avg_latency
2020-08-28 21:35:10,39.690,max_latency
2020-08-28 21:35:10,0.435,min_latency
2020-08-28 21:35:10,7400,rate
2020-08-28 21:35:11,2.3520000000000000,avg_latency
2020-08-28 21:35:11,10.191,max_latency
2020-08-28 21:35:11,0.429,min_latency
2020-08-28 21:35:11,10202,rate
2020-08-28 21:35:12,2.3030000000000000,avg_latency
2020-08-28 21:35:12,11.236,max_latency
2020-08-28 21:35:12,0.422,min_latency
2020-08-28 21:35:12,10428,rate
2020-08-28 21:35:13,2.1580000000000000,avg_latency
2020-08-28 21:35:13,10.522,max_latency
2020-08-28 21:35:13,0.384,min_latency
2020-08-28 21:35:13,11116,rate
2020-08-28 21:35:14,3.2150000000000000,avg_latency
2020-08-28 21:35:14,30.132,max_latency
2020-08-28 21:35:14,0.371,min_latency
2020-08-28 21:35:14,7447,rate
2020-08-28 21:35:15,3.6480000000000000,avg_latency
2020-08-28 21:35:15,33.084,max_latency
2020-08-28 21:35:15,0.398,min_latency
2020-08-28 21:35:15,6593,rate
2020-08-28 21:35:16,3.4510000000000000,avg_latency
2020-08-28 21:35:16,25.680,max_latency
2020-08-28 21:35:16,0.397,min_latency
2020-08-28 21:35:16,6916,rate
2020-08-28 21:35:17,3.8320000000000000,avg_latency
2020-08-28 21:35:17,32.791,max_latency
2020-08-28 21:35:17,0.412,min_latency
2020-08-28 21:35:17,6247,rate
2020-08-28 21:35:18,4.4860000000000000,avg_latency
2020-08-28 21:35:18,35.090,max_latency
2020-08-28 21:35:18,0.408,min_latency
2020-08-28 21:35:18,5339,rate
2020-08-28 21:35:19,4.5150000000000000,avg_latency
2020-08-28 21:35:19,38.371,max_latency
2020-08-28 21:35:19,0.419,min_latency
2020-08-28 21:35:19,5372,rate
2020-08-28 21:35:20,3.7220000000000000,avg_latency
2020-08-28 21:35:20,57.738,max_latency
2020-08-28 21:35:20,0.391,min_latency
2020-08-28 21:35:20,6448,rate
2020-08-28 21:35:21,2.3140000000000000,avg_latency
2020-08-28 21:35:21,8.468,max_latency
2020-08-28 21:35:21,0.421,min_latency
2020-08-28 21:35:21,10371,rate
2020-08-28 21:35:22,2.3060000000000000,avg_latency
2020-08-28 21:35:22,10.788,max_latency
2020-08-28 21:35:22,0.415,min_latency
2020-08-28 21:35:22,10411,rate
2020-08-28 21:35:23,2.2670000000000000,avg_latency
2020-08-28 21:35:23,8.719,max_latency
2020-08-28 21:35:23,0.401,min_latency
2020-08-28 21:35:23,10582,rate
2020-08-28 21:35:24,2.7330000000000000,avg_latency
2020-08-28 21:35:24,25.605,max_latency
2020-08-28 21:35:24,0.381,min_latency
2020-08-28 21:35:24,8752,rate
2020-08-28 21:35:25,3.6940000000000000,avg_latency
2020-08-28 21:35:25,27.164,max_latency
2020-08-28 21:35:25,0.406,min_latency
2020-08-28 21:35:25,6520,rate
2020-08-28 21:35:26,3.8900000000000000,avg_latency
2020-08-28 21:35:26,30.362,max_latency
2020-08-28 21:35:26,0.393,min_latency
2020-08-28 21:35:26,6165,rate
2020-08-28 21:35:27,5.4650000000000000,avg_latency
2020-08-28 21:35:27,44.948,max_latency
2020-08-28 21:35:27,0.473,min_latency
2020-08-28 21:35:27,4339,rate
2020-08-28 21:35:28,4.2110000000000000,avg_latency
2020-08-28 21:35:28,43.133,max_latency
2020-08-28 21:35:28,0.428,min_latency
2020-08-28 21:35:28,5767,rate
2020-08-28 21:35:29,3.5680000000000000,avg_latency
2020-08-28 21:35:29,27.474,max_latency
2020-08-28 21:35:29,0.419,min_latency
2020-08-28 21:35:29,6701,rate
2020-08-28 21:35:30,3.0110000000000000,avg_latency
2020-08-28 21:35:30,26.004,max_latency
2020-08-28 21:35:30,0.394,min_latency
2020-08-28 21:35:30,8004,rate
2020-08-28 21:35:31,2.2200000000000000,avg_latency
2020-08-28 21:35:31,10.654,max_latency
2020-08-28 21:35:31,0.384,min_latency
2020-08-28 21:35:31,10821,rate
2020-08-28 21:35:32,2.3170000000000000,avg_latency
2020-08-28 21:35:32,10.458,max_latency
2020-08-28 21:35:32,0.424,min_latency
2020-08-28 21:35:32,10359,rate
2020-08-28 21:35:33,2.4540000000000000,avg_latency
2020-08-28 21:35:33,11.394,max_latency
2020-08-28 21:35:33,0.420,min_latency
2020-08-28 21:35:33,9764,rate
2020-08-28 21:35:34,3.1870000000000000,avg_latency
2020-08-28 21:35:34,41.968,max_latency
2020-08-28 21:35:34,0.385,min_latency
2020-08-28 21:35:34,7519,rate
2020-08-28 21:35:35,5.9090000000000000,avg_latency
2020-08-28 21:35:35,49.502,max_latency
2020-08-28 21:35:35,0.430,min_latency
2020-08-28 21:35:35,3985,rate
2020-08-28 21:35:36,6.1320000000000000,avg_latency
2020-08-28 21:35:36,55.724,max_latency
2020-08-28 21:35:36,0.410,min_latency
2020-08-28 21:35:36,3995,rate
2020-08-28 21:35:37,5.2830000000000000,avg_latency
2020-08-28 21:35:37,50.298,max_latency
2020-08-28 21:35:37,0.460,min_latency
2020-08-28 21:35:37,4534,rate
2020-08-28 21:35:38,5.6610000000000000,avg_latency
2020-08-28 21:35:38,46.222,max_latency
2020-08-28 21:35:38,0.434,min_latency
2020-08-28 21:35:38,4218,rate
2020-08-28 21:35:39,4.2450000000000000,avg_latency
2020-08-28 21:35:39,47.211,max_latency
2020-08-28 21:35:39,0.377,min_latency
2020-08-28 21:35:39,5681,rate
2020-08-28 21:35:40,3.7710000000000000,avg_latency
2020-08-28 21:35:40,25.815,max_latency
2020-08-28 21:35:40,0.375,min_latency
2020-08-28 21:35:40,6387,rate
2020-08-28 21:35:41,3.7340000000000000,avg_latency
2020-08-28 21:35:41,27.182,max_latency
2020-08-28 21:35:41,0.403,min_latency
2020-08-28 21:35:41,6427,rate
2020-08-28 21:35:42,3.2110000000000000,avg_latency
2020-08-28 21:35:42,54.566,max_latency
2020-08-28 21:35:42,0.391,min_latency
2020-08-28 21:35:42,7469,rate
2020-08-28 21:35:43,2.6260000000000000,avg_latency
2020-08-28 21:35:43,10.464,max_latency
2020-08-28 21:35:43,0.424,min_latency
2020-08-28 21:35:43,9138,rate
2020-08-28 21:35:44,2.6800000000000000,avg_latency
2020-08-28 21:35:44,12.606,max_latency
2020-08-28 21:35:44,0.400,min_latency
2020-08-28 21:35:44,8947,rate
2020-08-28 21:35:45,2.6170000000000000,avg_latency
2020-08-28 21:35:45,11.296,max_latency
2020-08-28 21:35:45,0.428,min_latency
2020-08-28 21:35:45,9186,rate
2020-08-28 21:35:46,2.7930000000000000,avg_latency
2020-08-28 21:35:46,25.655,max_latency
2020-08-28 21:35:46,0.420,min_latency
2020-08-28 21:35:46,8562,rate
2020-08-28 21:35:47,3.7290000000000000,avg_latency
2020-08-28 21:35:47,28.695,max_latency
2020-08-28 21:35:47,0.409,min_latency
2020-08-28 21:35:47,6417,rate
2020-08-28 21:35:48,3.7460000000000000,avg_latency
2020-08-28 21:35:48,33.605,max_latency
2020-08-28 21:35:48,0.384,min_latency
2020-08-28 21:35:48,6448,rate
2020-08-28 21:35:49,3.6260000000000000,avg_latency
2020-08-28 21:35:49,36.295,max_latency
2020-08-28 21:35:49,0.408,min_latency
2020-08-28 21:35:49,6573,rate
2020-08-28 21:35:50,5.5070000000000000,avg_latency
2020-08-28 21:35:50,47.024,max_latency
2020-08-28 21:35:50,0.448,min_latency
2020-08-28 21:35:50,4332,rate
2020-08-28 21:35:51,5.4840000000000000,avg_latency
2020-08-28 21:35:51,49.907,max_latency
2020-08-28 21:35:51,0.404,min_latency
2020-08-28 21:35:51,4435,rate
2020-08-28 21:35:52,5.0550000000000000,avg_latency
2020-08-28 21:35:52,45.975,max_latency
2020-08-28 21:35:52,0.371,min_latency
2020-08-28 21:35:52,4710,rate
2020-08-28 21:35:53,5.0550000000000000,avg_latency
2020-08-28 21:35:53,46.207,max_latency
2020-08-28 21:35:53,0.391,min_latency
2020-08-28 21:35:53,4786,rate
2020-08-28 21:35:54,2.5230000000000000,avg_latency
2020-08-28 21:35:54,12.293,max_latency
2020-08-28 21:35:54,0.350,min_latency
2020-08-28 21:35:54,9509,rate
2020-08-28 21:35:55,2.5540000000000000,avg_latency
2020-08-28 21:35:55,12.512,max_latency
2020-08-28 21:35:55,0.385,min_latency
2020-08-28 21:35:55,9399,rate
2020-08-28 21:35:56,2.2130000000000000,avg_latency
2020-08-28 21:35:56,8.399,max_latency
2020-08-28 21:35:56,0.379,min_latency
2020-08-28 21:35:56,10846,rate
2020-08-28 21:35:57,2.5560000000000000,avg_latency
2020-08-28 21:35:57,22.958,max_latency
2020-08-28 21:35:57,0.384,min_latency
2020-08-28 21:35:57,9330,rate
2020-08-28 21:35:58,3.7120000000000000,avg_latency
2020-08-28 21:35:58,26.614,max_latency
2020-08-28 21:35:58,0.393,min_latency
2020-08-28 21:35:58,6505,rate
2020-08-28 21:35:59,3.9670000000000000,avg_latency
2020-08-28 21:35:59,29.477,max_latency
2020-08-28 21:35:59,0.406,min_latency
2020-08-28 21:35:59,5994,rate
2020-08-28 21:36:00,5.0180000000000000,avg_latency
2020-08-28 21:36:00,49.949,max_latency
2020-08-28 21:36:00,0.409,min_latency
2020-08-28 21:36:00,4824,rate
2020-08-28 21:36:01,5.9750000000000000,avg_latency
2020-08-28 21:36:01,42.364,max_latency
2020-08-28 21:36:01,0.415,min_latency
2020-08-28 21:36:01,3980,rate
2020-08-28 21:36:02,5.4360000000000000,avg_latency
2020-08-28 21:36:02,53.091,max_latency
2020-08-28 21:36:02,0.425,min_latency
2020-08-28 21:36:02,4459,rate
2020-08-28 21:36:03,4.2530000000000000,avg_latency
2020-08-28 21:36:03,48.977,max_latency
2020-08-28 21:36:03,0.415,min_latency
2020-08-28 21:36:03,5643,rate
2020-08-28 21:36:04,3.8230000000000000,avg_latency
2020-08-28 21:36:04,26.207,max_latency
2020-08-28 21:36:04,0.400,min_latency
2020-08-28 21:36:04,6168,rate
2020-08-28 21:36:05,2.3280000000000000,avg_latency
2020-08-28 21:36:05,37.233,max_latency
2020-08-28 21:36:05,0.376,min_latency
2020-08-28 21:36:05,10487,rate
2020-08-28 21:36:06,2.1720000000000000,avg_latency
2020-08-28 21:36:06,9.212,max_latency
2020-08-28 21:36:06,0.389,min_latency
2020-08-28 21:36:06,11029,rate
2020-08-28 21:36:07,2.1040000000000000,avg_latency
2020-08-28 21:36:07,11.519,max_latency
2020-08-28 21:36:07,0.365,min_latency
2020-08-28 21:36:07,11421,rate
2020-08-28 21:36:08,2.5930000000000000,avg_latency
2020-08-28 21:36:08,19.441,max_latency
2020-08-28 21:36:08,0.399,min_latency
2020-08-28 21:36:08,9253,rate
2020-08-28 21:36:09,3.5270000000000000,avg_latency
2020-08-28 21:36:09,28.497,max_latency
2020-08-28 21:36:09,0.385,min_latency
2020-08-28 21:36:09,6737,rate
2020-08-28 21:36:10,4.1410000000000000,avg_latency
2020-08-28 21:36:10,28.529,max_latency
2020-08-28 21:36:10,0.421,min_latency
2020-08-28 21:36:10,5853,rate
2020-08-28 21:36:11,4.8920000000000000,avg_latency
2020-08-28 21:36:11,44.149,max_latency
2020-08-28 21:36:11,0.440,min_latency
2020-08-28 21:36:11,4828,rate
2020-08-28 21:36:12,4.9680000000000000,avg_latency
2020-08-28 21:36:12,46.550,max_latency
2020-08-28 21:36:12,0.432,min_latency
2020-08-28 21:36:12,4909,rate
2020-08-28 21:36:13,5.4970000000000000,avg_latency
2020-08-28 21:36:13,58.480,max_latency
2020-08-28 21:36:13,0.376,min_latency
2020-08-28 21:36:13,4367,rate
2020-08-28 21:36:14,3.3310000000000000,avg_latency
2020-08-28 21:36:14,22.787,max_latency
2020-08-28 21:36:14,0.394,min_latency
2020-08-28 21:36:14,7190,rate
2020-08-28 21:36:15,2.7590000000000000,avg_latency
2020-08-28 21:36:15,26.205,max_latency
2020-08-28 21:36:15,0.357,min_latency
2020-08-28 21:36:15,8720,rate
2020-08-28 21:36:16,2.3710000000000000,avg_latency
2020-08-28 21:36:16,9.522,max_latency
2020-08-28 21:36:16,0.395,min_latency
2020-08-28 21:36:16,10106,rate
2020-08-28 21:36:17,2.5710000000000000,avg_latency
2020-08-28 21:36:17,10.074,max_latency
2020-08-28 21:36:17,0.399,min_latency
2020-08-28 21:36:17,9339,rate
2020-08-28 21:36:18,2.3200000000000000,avg_latency
2020-08-28 21:36:18,11.245,max_latency
2020-08-28 21:36:18,0.389,min_latency
2020-08-28 21:36:18,10346,rate
2020-08-28 21:36:19,3.2040000000000000,avg_latency
2020-08-28 21:36:19,26.614,max_latency
2020-08-28 21:36:19,0.399,min_latency
2020-08-28 21:36:19,7435,rate
2020-08-28 21:36:20,3.6620000000000000,avg_latency
2020-08-28 21:36:20,22.653,max_latency
2020-08-28 21:36:20,0.420,min_latency
2020-08-28 21:36:20,6608,rate
2020-08-28 21:36:21,4.1560000000000000,avg_latency
2020-08-28 21:36:21,25.249,max_latency
2020-08-28 21:36:21,0.404,min_latency
2020-08-28 21:36:21,5773,rate
2020-08-28 21:36:22,4.2920000000000000,avg_latency
2020-08-28 21:36:22,39.228,max_latency
2020-08-28 21:36:22,0.371,min_latency
2020-08-28 21:36:22,5586,rate
2020-08-28 21:36:23,5.4430000000000000,avg_latency
2020-08-28 21:36:23,65.837,max_latency
2020-08-28 21:36:23,0.403,min_latency
2020-08-28 21:36:23,4413,rate
2020-08-28 21:36:24,4.6590000000000000,avg_latency
2020-08-28 21:36:24,43.060,max_latency
2020-08-28 21:36:24,0.447,min_latency
2020-08-28 21:36:24,5147,rate
2020-08-28 21:36:25,3.5010000000000000,avg_latency
2020-08-28 21:36:25,25.871,max_latency
2020-08-28 21:36:25,0.375,min_latency
2020-08-28 21:36:25,6835,rate
2020-08-28 21:36:26,2.2840000000000000,avg_latency
2020-08-28 21:36:26,23.644,max_latency
2020-08-28 21:36:26,0.402,min_latency
2020-08-28 21:36:26,10549,rate
2020-08-28 21:36:27,2.2720000000000000,avg_latency
2020-08-28 21:36:27,11.675,max_latency
2020-08-28 21:36:27,0.390,min_latency
2020-08-28 21:36:27,10565,rate
2020-08-28 21:36:28,2.3440000000000000,avg_latency
2020-08-28 21:36:28,12.841,max_latency
2020-08-28 21:36:28,0.400,min_latency
2020-08-28 21:36:28,10231,rate
2020-08-28 21:36:29,2.6560000000000000,avg_latency
2020-08-28 21:36:29,29.618,max_latency
2020-08-28 21:36:29,0.383,min_latency
2020-08-28 21:36:29,9029,rate
2020-08-28 21:36:30,4.9140000000000000,avg_latency
2020-08-28 21:36:30,52.757,max_latency
2020-08-28 21:36:30,0.430,min_latency
2020-08-28 21:36:30,4818,rate
2020-08-28 21:36:31,5.8460000000000000,avg_latency
2020-08-28 21:36:31,57.138,max_latency
2020-08-28 21:36:31,0.439,min_latency
2020-08-28 21:36:31,4110,rate
2020-08-28 21:36:32,4.2930000000000000,avg_latency
2020-08-28 21:36:32,44.680,max_latency
2020-08-28 21:36:32,0.384,min_latency
2020-08-28 21:36:32,5668,rate
2020-08-28 21:36:33,3.6460000000000000,avg_latency
2020-08-28 21:36:33,32.851,max_latency
2020-08-28 21:36:33,0.423,min_latency
2020-08-28 21:36:33,6578,rate
2020-08-28 21:36:34,3.9170000000000000,avg_latency
2020-08-28 21:36:34,28.308,max_latency
2020-08-28 21:36:34,0.437,min_latency
2020-08-28 21:36:34,6114,rate
2020-08-28 21:36:35,4.3250000000000000,avg_latency
2020-08-28 21:36:35,41.423,max_latency
2020-08-28 21:36:35,0.424,min_latency
2020-08-28 21:36:35,5527,rate
2020-08-28 21:36:36,5.6030000000000000,avg_latency
2020-08-28 21:36:36,43.507,max_latency
2020-08-28 21:36:36,0.409,min_latency
2020-08-28 21:36:36,4311,rate
2020-08-28 21:36:37,2.7540000000000000,avg_latency
2020-08-28 21:36:37,37.337,max_latency
2020-08-28 21:36:37,0.410,min_latency
2020-08-28 21:36:37,8713,rate
2020-08-28 21:36:38,2.6170000000000000,avg_latency
2020-08-28 21:36:38,8.595,max_latency
2020-08-28 21:36:38,0.419,min_latency
2020-08-28 21:36:38,9176,rate
2020-08-28 21:36:39,2.7040000000000000,avg_latency
2020-08-28 21:36:39,9.024,max_latency
2020-08-28 21:36:39,0.436,min_latency
2020-08-28 21:36:39,8867,rate
2020-08-28 21:36:40,2.7210000000000000,avg_latency
2020-08-28 21:36:40,10.711,max_latency
2020-08-28 21:36:40,0.422,min_latency
2020-08-28 21:36:40,8822,rate
2020-08-28 21:36:41,3.6100000000000000,avg_latency
2020-08-28 21:36:41,46.464,max_latency
2020-08-28 21:36:41,0.445,min_latency
2020-08-28 21:36:41,6644,rate
2020-08-28 21:36:42,6.0660000000000000,avg_latency
2020-08-28 21:36:42,47.793,max_latency
2020-08-28 21:36:42,0.440,min_latency
2020-08-28 21:36:42,3951,rate
2020-08-28 21:36:43,5.0130000000000000,avg_latency
2020-08-28 21:36:43,51.567,max_latency
2020-08-28 21:36:43,0.424,min_latency
2020-08-28 21:36:43,4778,rate
2020-08-28 21:36:44,6.2590000000000000,avg_latency
2020-08-28 21:36:44,63.105,max_latency
2020-08-28 21:36:44,0.437,min_latency
2020-08-28 21:36:44,3790,rate
2020-08-28 21:36:45,5.5180000000000000,avg_latency
2020-08-28 21:36:45,52.927,max_latency
2020-08-28 21:36:45,0.419,min_latency
2020-08-28 21:36:45,4417,rate
2020-08-28 21:36:46,4.8160000000000000,avg_latency
2020-08-28 21:36:46,48.907,max_latency
2020-08-28 21:36:46,0.416,min_latency
2020-08-28 21:36:46,4921,rate
2020-08-28 21:36:47,3.2180000000000000,avg_latency
2020-08-28 21:36:47,22.413,max_latency
2020-08-28 21:36:47,0.403,min_latency
2020-08-28 21:36:47,7520,rate
2020-08-28 21:36:48,3.5210000000000000,avg_latency
2020-08-28 21:36:48,22.463,max_latency
2020-08-28 21:36:48,0.386,min_latency
2020-08-28 21:36:48,6846,rate
2020-08-28 21:36:49,2.3900000000000000,avg_latency
2020-08-28 21:36:49,10.187,max_latency
2020-08-28 21:36:49,0.411,min_latency
2020-08-28 21:36:49,10034,rate
2020-08-28 21:36:50,2.3830000000000000,avg_latency
2020-08-28 21:36:50,11.039,max_latency
2020-08-28 21:36:50,0.399,min_latency
2020-08-28 21:36:50,10074,rate
2020-08-28 21:36:51,2.4970000000000000,avg_latency
2020-08-28 21:36:51,12.785,max_latency
2020-08-28 21:36:51,0.410,min_latency
2020-08-28 21:36:51,9620,rate
2020-08-28 21:36:52,2.6190000000000000,avg_latency
2020-08-28 21:36:52,8.238,max_latency
2020-08-28 21:36:52,0.386,min_latency
2020-08-28 21:36:52,9161,rate
2020-08-28 21:36:53,6.5280000000000000,avg_latency
2020-08-28 21:36:53,47.068,max_latency
2020-08-28 21:36:53,0.474,min_latency
2020-08-28 21:36:53,3636,rate
2020-08-28 21:36:54,5.5990000000000000,avg_latency
2020-08-28 21:36:54,53.628,max_latency
2020-08-28 21:36:54,0.456,min_latency
2020-08-28 21:36:54,4333,rate
2020-08-28 21:36:55,6.0830000000000000,avg_latency
2020-08-28 21:36:55,53.942,max_latency
2020-08-28 21:36:55,0.441,min_latency
2020-08-28 21:36:55,3872,rate
2020-08-28 21:36:56,6.2660000000000000,avg_latency
2020-08-28 21:36:56,52.347,max_latency
2020-08-28 21:36:56,0.446,min_latency
2020-08-28 21:36:56,3902,rate
2020-08-28 21:36:57,5.5710000000000000,avg_latency
2020-08-28 21:36:57,54.146,max_latency
2020-08-28 21:36:57,0.394,min_latency
2020-08-28 21:36:57,4264,rate
2020-08-28 21:36:58,5.7380000000000000,avg_latency
2020-08-28 21:36:58,46.806,max_latency
2020-08-28 21:36:58,0.445,min_latency
2020-08-28 21:36:58,4169,rate
2020-08-28 21:36:59,5.8180000000000000,avg_latency
2020-08-28 21:36:59,53.166,max_latency
2020-08-28 21:36:59,0.475,min_latency
2020-08-28 21:36:59,4178,rate
2020-08-28 21:37:00,5.6810000000000000,avg_latency
2020-08-28 21:37:00,44.601,max_latency
2020-08-28 21:37:00,0.456,min_latency
2020-08-28 21:37:00,4191,rate
2020-08-28 21:37:01,4.5600000000000000,avg_latency
2020-08-28 21:37:01,47.414,max_latency
2020-08-28 21:37:01,0.396,min_latency
2020-08-28 21:37:01,5273,rate
2020-08-28 21:37:02,3.1210000000000000,avg_latency
2020-08-28 21:37:02,52.258,max_latency
2020-08-28 21:37:02,0.424,min_latency
2020-08-28 21:37:02,7737,rate
2020-08-28 21:37:03,2.5250000000000000,avg_latency
2020-08-28 21:37:03,14.001,max_latency
2020-08-28 21:37:03,0.417,min_latency
2020-08-28 21:37:03,9515,rate
2020-08-28 21:37:04,2.5470000000000000,avg_latency
2020-08-28 21:37:04,8.038,max_latency
2020-08-28 21:37:04,0.422,min_latency
2020-08-28 21:37:04,9425,rate
2020-08-28 21:37:05,2.4750000000000000,avg_latency
2020-08-28 21:37:05,12.292,max_latency
2020-08-28 21:37:05,0.387,min_latency
2020-08-28 21:37:05,9694,rate
2020-08-28 21:37:06,3.1650000000000000,avg_latency
2020-08-28 21:37:06,23.425,max_latency
2020-08-28 21:37:06,0.410,min_latency
2020-08-28 21:37:06,7584,rate
2020-08-28 21:37:07,4.9880000000000000,avg_latency
2020-08-28 21:37:07,45.098,max_latency
2020-08-28 21:37:07,0.419,min_latency
2020-08-28 21:37:07,4762,rate
2020-08-28 21:37:08,5.7260000000000000,avg_latency
2020-08-28 21:37:08,50.241,max_latency
2020-08-28 21:37:08,0.433,min_latency
2020-08-28 21:37:08,4226,rate
2020-08-28 21:37:09,4.5770000000000000,avg_latency
2020-08-28 21:37:09,43.388,max_latency
2020-08-28 21:37:09,0.401,min_latency
2020-08-28 21:37:09,5247,rate
2020-08-28 21:37:10,4.2950000000000000,avg_latency
2020-08-28 21:37:10,40.356,max_latency
2020-08-28 21:37:10,0.400,min_latency
2020-08-28 21:37:10,5574,rate
2020-08-28 21:37:11,3.5660000000000000,avg_latency
2020-08-28 21:37:11,27.916,max_latency
2020-08-28 21:37:11,0.391,min_latency
2020-08-28 21:37:11,6756,rate
2020-08-28 21:37:12,4.0580000000000000,avg_latency
2020-08-28 21:37:12,26.816,max_latency
2020-08-28 21:37:12,0.406,min_latency
2020-08-28 21:37:12,5904,rate
2020-08-28 21:37:13,2.9440000000000000,avg_latency
2020-08-28 21:37:13,44.251,max_latency
2020-08-28 21:37:13,0.395,min_latency
2020-08-28 21:37:13,8152,rate
2020-08-28 21:37:14,2.5170000000000000,avg_latency
2020-08-28 21:37:14,7.900,max_latency
2020-08-28 21:37:14,0.399,min_latency
2020-08-28 21:37:14,9552,rate
2020-08-28 21:37:15,2.6270000000000000,avg_latency
2020-08-28 21:37:15,12.060,max_latency
2020-08-28 21:37:15,0.410,min_latency
2020-08-28 21:37:15,9135,rate
2020-08-28 21:37:16,2.5890000000000000,avg_latency
2020-08-28 21:37:16,12.911,max_latency
2020-08-28 21:37:16,0.382,min_latency
2020-08-28 21:37:16,9259,rate
2020-08-28 21:37:17,3.3550000000000000,avg_latency
2020-08-28 21:37:17,50.475,max_latency
2020-08-28 21:37:17,0.457,min_latency
2020-08-28 21:37:17,7162,rate
2020-08-28 21:37:18,5.4270000000000000,avg_latency
2020-08-28 21:37:18,45.498,max_latency
2020-08-28 21:37:18,0.419,min_latency
2020-08-28 21:37:18,4343,rate
2020-08-28 21:37:19,6.0170000000000000,avg_latency
2020-08-28 21:37:19,54.349,max_latency
2020-08-28 21:37:19,0.413,min_latency
2020-08-28 21:37:19,3980,rate
2020-08-28 21:37:20,5.5350000000000000,avg_latency
2020-08-28 21:37:20,53.748,max_latency
2020-08-28 21:37:20,0.434,min_latency
2020-08-28 21:37:20,4423,rate
2020-08-28 21:37:21,5.5350000000000000,avg_latency
2020-08-28 21:37:21,53.587,max_latency
2020-08-28 21:37:21,0.476,min_latency
2020-08-28 21:37:21,4253,rate
2020-08-28 21:37:22,6.1050000000000000,avg_latency
2020-08-28 21:37:22,55.281,max_latency
2020-08-28 21:37:22,0.427,min_latency
2020-08-28 21:37:22,3967,rate
2020-08-28 21:37:23,5.5780000000000000,avg_latency
2020-08-28 21:37:23,54.455,max_latency
2020-08-28 21:37:23,0.436,min_latency
2020-08-28 21:37:23,4343,rate
2020-08-28 21:37:24,4.2630000000000000,avg_latency
2020-08-28 21:37:24,47.319,max_latency
2020-08-28 21:37:24,0.407,min_latency
2020-08-28 21:37:24,5634,rate
2020-08-28 21:37:25,3.9500000000000000,avg_latency
2020-08-28 21:37:25,24.196,max_latency
2020-08-28 21:37:25,0.443,min_latency
2020-08-28 21:37:25,6035,rate
2020-08-28 21:37:26,2.6480000000000000,avg_latency
2020-08-28 21:37:26,44.861,max_latency
2020-08-28 21:37:26,0.445,min_latency
2020-08-28 21:37:26,9116,rate
2020-08-28 21:37:27,2.3530000000000000,avg_latency
2020-08-28 21:37:27,11.374,max_latency
2020-08-28 21:37:27,0.398,min_latency
2020-08-28 21:37:27,10209,rate
2020-08-28 21:37:28,2.1450000000000000,avg_latency
2020-08-28 21:37:28,12.389,max_latency
2020-08-28 21:37:28,0.398,min_latency
2020-08-28 21:37:28,11186,rate
2020-08-28 21:37:29,2.3620000000000000,avg_latency
2020-08-28 21:37:29,16.256,max_latency
2020-08-28 21:37:29,0.320,min_latency
2020-08-28 21:37:29,10132,rate
2020-08-28 21:37:30,3.8030000000000000,avg_latency
2020-08-28 21:37:30,26.530,max_latency
2020-08-28 21:37:30,0.415,min_latency
2020-08-28 21:37:30,6324,rate
2020-08-28 21:37:31,3.9470000000000000,avg_latency
2020-08-28 21:37:31,35.420,max_latency
2020-08-28 21:37:31,0.415,min_latency
2020-08-28 21:37:31,6037,rate
2020-08-28 21:37:32,4.5220000000000000,avg_latency
2020-08-28 21:37:32,35.323,max_latency
2020-08-28 21:37:32,0.388,min_latency
2020-08-28 21:37:32,5273,rate
2020-08-28 21:37:33,5.6250000000000000,avg_latency
2020-08-28 21:37:33,48.329,max_latency
2020-08-28 21:37:33,0.328,min_latency
2020-08-28 21:37:33,4326,rate
2020-08-28 21:37:34,4.0030000000000000,avg_latency
2020-08-28 21:37:34,47.863,max_latency
2020-08-28 21:37:34,0.392,min_latency
2020-08-28 21:37:34,5987,rate
2020-08-28 21:37:35,4.0100000000000000,avg_latency
2020-08-28 21:37:35,31.216,max_latency
2020-08-28 21:37:35,0.394,min_latency
2020-08-28 21:37:35,5986,rate
2020-08-28 21:37:36,3.3500000000000000,avg_latency
2020-08-28 21:37:36,57.134,max_latency
2020-08-28 21:37:36,0.415,min_latency
2020-08-28 21:37:36,7176,rate
2020-08-28 21:37:37,2.5330000000000000,avg_latency
2020-08-28 21:37:37,13.555,max_latency
2020-08-28 21:37:37,0.415,min_latency
2020-08-28 21:37:37,9469,rate
2020-08-28 21:37:38,2.6940000000000000,avg_latency
2020-08-28 21:37:38,9.465,max_latency
2020-08-28 21:37:38,0.421,min_latency
2020-08-28 21:37:38,8917,rate
2020-08-28 21:37:39,2.6320000000000000,avg_latency
2020-08-28 21:37:39,13.224,max_latency
2020-08-28 21:37:39,0.432,min_latency
2020-08-28 21:37:39,9117,rate
2020-08-28 21:37:40,2.6670000000000000,avg_latency
2020-08-28 21:37:40,28.190,max_latency
2020-08-28 21:37:40,0.407,min_latency
2020-08-28 21:37:40,8994,rate
2020-08-28 21:37:41,3.9530000000000000,avg_latency
2020-08-28 21:37:41,32.530,max_latency
2020-08-28 21:37:41,0.367,min_latency
2020-08-28 21:37:41,6040,rate
2020-08-28 21:37:42,3.7320000000000000,avg_latency
2020-08-28 21:37:42,25.911,max_latency
2020-08-28 21:37:42,0.398,min_latency
2020-08-28 21:37:42,6437,rate
2020-08-28 21:37:43,4.5230000000000000,avg_latency
2020-08-28 21:37:43,35.112,max_latency
2020-08-28 21:37:43,0.425,min_latency
2020-08-28 21:37:43,5326,rate
2020-08-28 21:37:44,4.9690000000000000,avg_latency
2020-08-28 21:37:44,52.049,max_latency
2020-08-28 21:37:44,0.420,min_latency
2020-08-28 21:37:44,4792,rate
2020-08-28 21:37:45,6.0100000000000000,avg_latency
2020-08-28 21:37:45,64.072,max_latency
2020-08-28 21:37:45,0.416,min_latency
2020-08-28 21:37:45,4024,rate
2020-08-28 21:37:46,5.4060000000000000,avg_latency
2020-08-28 21:37:46,46.531,max_latency
2020-08-28 21:37:46,0.420,min_latency
2020-08-28 21:37:46,4441,rate
2020-08-28 21:37:47,5.0580000000000000,avg_latency
2020-08-28 21:37:47,51.423,max_latency
2020-08-28 21:37:47,0.420,min_latency
2020-08-28 21:37:47,4738,rate
2020-08-28 21:37:48,2.7740000000000000,avg_latency
2020-08-28 21:37:48,28.611,max_latency
2020-08-28 21:37:48,0.391,min_latency
2020-08-28 21:37:48,8659,rate
2020-08-28 21:37:49,2.3020000000000000,avg_latency
2020-08-28 21:37:49,11.674,max_latency
2020-08-28 21:37:49,0.399,min_latency
2020-08-28 21:37:49,10435,rate
2020-08-28 21:37:50,2.3240000000000000,avg_latency
2020-08-28 21:37:50,9.185,max_latency
2020-08-28 21:37:50,0.364,min_latency
2020-08-28 21:37:50,10322,rate
2020-08-28 21:37:51,2.3860000000000000,avg_latency
2020-08-28 21:37:51,11.257,max_latency
2020-08-28 21:37:51,0.319,min_latency
2020-08-28 21:37:51,10060,rate
2020-08-28 21:37:52,3.7240000000000000,avg_latency
2020-08-28 21:37:52,33.107,max_latency
2020-08-28 21:37:52,0.422,min_latency
2020-08-28 21:37:52,6376,rate
2020-08-28 21:37:53,4.6600000000000000,avg_latency
2020-08-28 21:37:53,52.688,max_latency
2020-08-28 21:37:53,0.383,min_latency
2020-08-28 21:37:53,5137,rate
2020-08-28 21:37:54,6.0780000000000000,avg_latency
2020-08-28 21:37:54,58.467,max_latency
2020-08-28 21:37:54,0.427,min_latency
2020-08-28 21:37:54,3876,rate
2020-08-28 21:37:55,5.6270000000000000,avg_latency
2020-08-28 21:37:55,68.383,max_latency
2020-08-28 21:37:55,0.419,min_latency
2020-08-28 21:37:55,4342,rate
2020-08-28 21:37:56,5.0720000000000000,avg_latency
2020-08-28 21:37:56,53.933,max_latency
2020-08-28 21:37:56,0.425,min_latency
2020-08-28 21:37:56,4735,rate
2020-08-28 21:37:57,4.6820000000000000,avg_latency
2020-08-28 21:37:57,48.105,max_latency
2020-08-28 21:37:57,0.408,min_latency
2020-08-28 21:37:57,5082,rate
2020-08-28 21:37:58,6.6460000000000000,avg_latency
2020-08-28 21:37:58,56.283,max_latency
2020-08-28 21:37:58,0.403,min_latency
2020-08-28 21:37:58,3677,rate
2020-08-28 21:37:59,5.6620000000000000,avg_latency
2020-08-28 21:37:59,57.260,max_latency
2020-08-28 21:37:59,0.408,min_latency
2020-08-28 21:37:59,4246,rate
2020-08-28 21:38:00,4.4650000000000000,avg_latency
2020-08-28 21:38:00,53.543,max_latency
2020-08-28 21:38:00,0.403,min_latency
2020-08-28 21:38:00,5376,rate
2020-08-28 21:38:01,2.5030000000000000,avg_latency
2020-08-28 21:38:01,12.883,max_latency
2020-08-28 21:38:01,0.382,min_latency
2020-08-28 21:38:01,9599,rate
2020-08-28 21:38:02,2.3390000000000000,avg_latency
2020-08-28 21:38:02,8.558,max_latency
2020-08-28 21:38:02,0.400,min_latency
2020-08-28 21:38:02,10255,rate
2020-08-28 21:38:03,2.3780000000000000,avg_latency
2020-08-28 21:38:03,12.876,max_latency
2020-08-28 21:38:03,0.400,min_latency
2020-08-28 21:38:03,10101,rate
2020-08-28 21:38:04,2.6180000000000000,avg_latency
2020-08-28 21:38:04,23.827,max_latency
2020-08-28 21:38:04,0.354,min_latency
2020-08-28 21:38:04,9108,rate
2020-08-28 21:38:05,3.6810000000000000,avg_latency
2020-08-28 21:38:05,26.162,max_latency
2020-08-28 21:38:05,0.404,min_latency
2020-08-28 21:38:05,6557,rate
2020-08-28 21:38:06,5.0060000000000000,avg_latency
2020-08-28 21:38:06,54.851,max_latency
2020-08-28 21:38:06,0.431,min_latency
2020-08-28 21:38:06,4785,rate
2020-08-28 21:38:07,6.2490000000000000,avg_latency
2020-08-28 21:38:07,60.790,max_latency
2020-08-28 21:38:07,0.430,min_latency
2020-08-28 21:38:07,3786,rate
2020-08-28 21:38:08,6.1020000000000000,avg_latency
2020-08-28 21:38:08,61.171,max_latency
2020-08-28 21:38:08,0.419,min_latency
2020-08-28 21:38:08,3995,rate
2020-08-28 21:38:09,5.8290000000000000,avg_latency
2020-08-28 21:38:09,53.231,max_latency
2020-08-28 21:38:09,0.426,min_latency
2020-08-28 21:38:09,4033,rate
2020-08-28 21:38:10,6.4010000000000000,avg_latency
2020-08-28 21:38:10,71.827,max_latency
2020-08-28 21:38:10,0.459,min_latency
2020-08-28 21:38:10,3822,rate
2020-08-28 21:38:11,5.3970000000000000,avg_latency
2020-08-28 21:38:11,49.750,max_latency
2020-08-28 21:38:11,0.411,min_latency
2020-08-28 21:38:11,4419,rate
2020-08-28 21:38:12,3.9300000000000000,avg_latency
2020-08-28 21:38:12,39.785,max_latency
2020-08-28 21:38:12,0.409,min_latency
2020-08-28 21:38:12,6154,rate
2020-08-28 21:38:13,2.5660000000000000,avg_latency
2020-08-28 21:38:13,10.667,max_latency
2020-08-28 21:38:13,0.397,min_latency
2020-08-28 21:38:13,9357,rate
2020-08-28 21:38:14,2.5740000000000000,avg_latency
2020-08-28 21:38:14,14.122,max_latency
2020-08-28 21:38:14,0.399,min_latency
2020-08-28 21:38:14,9324,rate
2020-08-28 21:38:15,2.4080000000000000,avg_latency
2020-08-28 21:38:15,11.318,max_latency
2020-08-28 21:38:15,0.398,min_latency
2020-08-28 21:38:15,9954,rate
2020-08-28 21:38:16,2.4590000000000000,avg_latency
2020-08-28 21:38:16,16.763,max_latency
2020-08-28 21:38:16,0.412,min_latency
2020-08-28 21:38:16,9719,rate
2020-08-28 21:38:17,3.6680000000000000,avg_latency
2020-08-28 21:38:17,25.584,max_latency
2020-08-28 21:38:17,0.422,min_latency
2020-08-28 21:38:17,6547,rate
2020-08-28 21:38:18,4.1090000000000000,avg_latency
2020-08-28 21:38:18,28.711,max_latency
2020-08-28 21:38:18,0.416,min_latency
2020-08-28 21:38:18,5869,rate
2020-08-28 21:38:19,4.4040000000000000,avg_latency
2020-08-28 21:38:19,33.234,max_latency
2020-08-28 21:38:19,0.444,min_latency
2020-08-28 21:38:19,5424,rate
2020-08-28 21:38:20,5.4710000000000000,avg_latency
2020-08-28 21:38:20,58.951,max_latency
2020-08-28 21:38:20,0.408,min_latency
2020-08-28 21:38:20,4352,rate
2020-08-28 21:38:21,5.3910000000000000,avg_latency
2020-08-28 21:38:21,61.753,max_latency
2020-08-28 21:38:21,0.432,min_latency
2020-08-28 21:38:21,4507,rate
2020-08-28 21:38:22,4.0440000000000000,avg_latency
2020-08-28 21:38:22,25.593,max_latency
2020-08-28 21:38:22,0.420,min_latency
2020-08-28 21:38:22,5925,rate
2020-08-28 21:38:23,3.9580000000000000,avg_latency
2020-08-28 21:38:23,30.862,max_latency
2020-08-28 21:38:23,0.394,min_latency
2020-08-28 21:38:23,5989,rate
2020-08-28 21:38:24,2.6350000000000000,avg_latency
2020-08-28 21:38:24,23.919,max_latency
2020-08-28 21:38:24,0.403,min_latency
2020-08-28 21:38:24,9234,rate
2020-08-28 21:38:25,2.4870000000000000,avg_latency
2020-08-28 21:38:25,10.454,max_latency
2020-08-28 21:38:25,0.402,min_latency
2020-08-28 21:38:25,9648,rate
2020-08-28 21:38:26,2.6160000000000000,avg_latency
2020-08-28 21:38:26,14.282,max_latency
2020-08-28 21:38:26,0.408,min_latency
2020-08-28 21:38:26,9178,rate
2020-08-28 21:38:27,2.6550000000000000,avg_latency
2020-08-28 21:38:27,10.099,max_latency
2020-08-28 21:38:27,0.400,min_latency
2020-08-28 21:38:27,9033,rate
2020-08-28 21:38:28,3.8540000000000000,avg_latency
2020-08-28 21:38:28,27.449,max_latency
2020-08-28 21:38:28,0.402,min_latency
2020-08-28 21:38:28,6180,rate
2020-08-28 21:38:29,5.4690000000000000,avg_latency
2020-08-28 21:38:29,54.829,max_latency
2020-08-28 21:38:29,0.380,min_latency
2020-08-28 21:38:29,4422,rate
2020-08-28 21:38:30,4.7520000000000000,avg_latency
2020-08-28 21:38:30,57.475,max_latency
2020-08-28 21:38:30,0.404,min_latency
2020-08-28 21:38:30,5019,rate
2020-08-28 21:38:31,3.7590000000000000,avg_latency
2020-08-28 21:38:31,30.707,max_latency
2020-08-28 21:38:31,0.377,min_latency
2020-08-28 21:38:31,6385,rate
2020-08-28 21:38:32,3.8820000000000000,avg_latency
2020-08-28 21:38:32,23.848,max_latency
2020-08-28 21:38:32,0.407,min_latency
2020-08-28 21:38:32,6224,rate
2020-08-28 21:38:33,4.0510000000000000,avg_latency
2020-08-28 21:38:33,33.415,max_latency
2020-08-28 21:38:33,0.396,min_latency
2020-08-28 21:38:33,5920,rate
2020-08-28 21:38:34,3.9620000000000000,avg_latency
2020-08-28 21:38:34,32.474,max_latency
2020-08-28 21:38:34,0.394,min_latency
2020-08-28 21:38:34,6057,rate
2020-08-28 21:38:35,3.4500000000000000,avg_latency
2020-08-28 21:38:35,30.413,max_latency
2020-08-28 21:38:35,0.402,min_latency
2020-08-28 21:38:35,6965,rate
2020-08-28 21:38:36,2.6560000000000000,avg_latency
2020-08-28 21:38:36,12.803,max_latency
2020-08-28 21:38:36,0.394,min_latency
2020-08-28 21:38:36,9030,rate
2020-08-28 21:38:37,2.6060000000000000,avg_latency
2020-08-28 21:38:37,9.513,max_latency
2020-08-28 21:38:37,0.394,min_latency
2020-08-28 21:38:37,9213,rate
2020-08-28 21:38:38,2.8060000000000000,avg_latency
2020-08-28 21:38:38,15.015,max_latency
2020-08-28 21:38:38,0.425,min_latency
2020-08-28 21:38:38,8561,rate
2020-08-28 21:38:39,3.3220000000000000,avg_latency
2020-08-28 21:38:39,49.790,max_latency
2020-08-28 21:38:39,0.388,min_latency
2020-08-28 21:38:39,7083,rate
2020-08-28 21:38:40,5.5650000000000000,avg_latency
2020-08-28 21:38:40,53.366,max_latency
2020-08-28 21:38:40,0.401,min_latency
2020-08-28 21:38:40,4396,rate
2020-08-28 21:38:41,6.8720000000000000,avg_latency
2020-08-28 21:38:41,58.984,max_latency
2020-08-28 21:38:41,0.453,min_latency
2020-08-28 21:38:41,3448,rate
2020-08-28 21:38:42,5.2910000000000000,avg_latency
2020-08-28 21:38:42,66.896,max_latency
2020-08-28 21:38:42,0.424,min_latency
2020-08-28 21:38:42,4559,rate
2020-08-28 21:38:43,4.2890000000000000,avg_latency
2020-08-28 21:38:43,38.602,max_latency
2020-08-28 21:38:43,0.413,min_latency
2020-08-28 21:38:43,5638,rate
2020-08-28 21:38:44,4.2630000000000000,avg_latency
2020-08-28 21:38:44,32.618,max_latency
2020-08-28 21:38:44,0.408,min_latency
2020-08-28 21:38:44,5625,rate
2020-08-28 21:38:45,4.0200000000000000,avg_latency
2020-08-28 21:38:45,29.093,max_latency
2020-08-28 21:38:45,0.432,min_latency
2020-08-28 21:38:45,5929,rate
2020-08-28 21:38:46,4.5460000000000000,avg_latency
2020-08-28 21:38:46,30.134,max_latency
2020-08-28 21:38:46,0.433,min_latency
2020-08-28 21:38:46,5322,rate
2020-08-28 21:38:47,3.9490000000000000,avg_latency
2020-08-28 21:38:47,61.251,max_latency
2020-08-28 21:38:47,0.402,min_latency
2020-08-28 21:38:47,6074,rate
2020-08-28 21:38:48,2.8650000000000000,avg_latency
2020-08-28 21:38:48,11.042,max_latency
2020-08-28 21:38:48,0.418,min_latency
2020-08-28 21:38:48,8382,rate
2020-08-28 21:38:49,2.6580000000000000,avg_latency
2020-08-28 21:38:49,9.640,max_latency
2020-08-28 21:38:49,0.409,min_latency
2020-08-28 21:38:49,9028,rate
2020-08-28 21:38:50,2.8360000000000000,avg_latency
2020-08-28 21:38:50,13.029,max_latency
2020-08-28 21:38:50,0.432,min_latency
2020-08-28 21:38:50,8453,rate
2020-08-28 21:38:51,2.7070000000000000,avg_latency
2020-08-28 21:38:51,10.656,max_latency
2020-08-28 21:38:51,0.410,min_latency
2020-08-28 21:38:51,8876,rate
2020-08-28 21:38:52,3.8520000000000000,avg_latency
2020-08-28 21:38:52,35.253,max_latency
2020-08-28 21:38:52,0.382,min_latency
2020-08-28 21:38:52,6200,rate
2020-08-28 21:38:53,4.2710000000000000,avg_latency
2020-08-28 21:38:53,33.632,max_latency
2020-08-28 21:38:53,0.426,min_latency
2020-08-28 21:38:53,5643,rate
2020-08-28 21:38:54,4.1850000000000000,avg_latency
2020-08-28 21:38:54,29.691,max_latency
2020-08-28 21:38:54,0.403,min_latency
2020-08-28 21:38:54,5733,rate
2020-08-28 21:38:55,4.1780000000000000,avg_latency
2020-08-28 21:38:55,39.451,max_latency
2020-08-28 21:38:55,0.411,min_latency
2020-08-28 21:38:55,5682,rate
2020-08-28 21:38:56,4.8890000000000000,avg_latency
2020-08-28 21:38:56,42.571,max_latency
2020-08-28 21:38:56,0.414,min_latency
2020-08-28 21:38:56,4836,rate
2020-08-28 21:38:57,6.2780000000000000,avg_latency
2020-08-28 21:38:57,57.164,max_latency
2020-08-28 21:38:57,0.423,min_latency
2020-08-28 21:38:57,3925,rate
2020-08-28 21:38:58,4.8000000000000000,avg_latency
2020-08-28 21:38:58,55.953,max_latency
2020-08-28 21:38:58,0.378,min_latency
2020-08-28 21:38:58,5000,rate
2020-08-28 21:38:59,3.7100000000000000,avg_latency
2020-08-28 21:38:59,39.114,max_latency
2020-08-28 21:38:59,0.419,min_latency
2020-08-28 21:38:59,6466,rate
2020-08-28 21:39:00,2.8500000000000000,avg_latency
2020-08-28 21:39:00,12.463,max_latency
2020-08-28 21:39:00,0.429,min_latency
2020-08-28 21:39:00,8417,rate
2020-08-28 21:39:01,2.6500000000000000,avg_latency
2020-08-28 21:39:01,12.781,max_latency
2020-08-28 21:39:01,0.413,min_latency
2020-08-28 21:39:01,9059,rate
2020-08-28 21:39:02,2.6560000000000000,avg_latency
2020-08-28 21:39:02,10.528,max_latency
2020-08-28 21:39:02,0.400,min_latency
2020-08-28 21:39:02,9034,rate
2020-08-28 21:39:03,2.6700000000000000,avg_latency
2020-08-28 21:39:03,11.838,max_latency
2020-08-28 21:39:03,0.391,min_latency
2020-08-28 21:39:03,8987,rate
2020-08-28 21:39:04,5.7660000000000000,avg_latency
2020-08-28 21:39:04,53.588,max_latency
2020-08-28 21:39:04,0.433,min_latency
2020-08-28 21:39:04,4087,rate
2020-08-28 21:39:05,5.5130000000000000,avg_latency
2020-08-28 21:39:05,53.383,max_latency
2020-08-28 21:39:05,0.404,min_latency
2020-08-28 21:39:05,4366,rate
2020-08-28 21:39:06,6.0520000000000000,avg_latency
2020-08-28 21:39:06,63.709,max_latency
2020-08-28 21:39:06,0.440,min_latency
2020-08-28 21:39:06,4024,rate
2020-08-28 21:39:07,5.5570000000000000,avg_latency
2020-08-28 21:39:07,58.449,max_latency
2020-08-28 21:39:07,0.446,min_latency
2020-08-28 21:39:07,4317,rate
2020-08-28 21:39:08,3.7340000000000000,avg_latency
2020-08-28 21:39:08,29.355,max_latency
2020-08-28 21:39:08,0.404,min_latency
2020-08-28 21:39:08,6439,rate
2020-08-28 21:39:09,3.6660000000000000,avg_latency
2020-08-28 21:39:09,27.278,max_latency
2020-08-28 21:39:09,0.396,min_latency
2020-08-28 21:39:09,6542,rate
2020-08-28 21:39:10,3.7620000000000000,avg_latency
2020-08-28 21:39:10,26.294,max_latency
2020-08-28 21:39:10,0.381,min_latency
2020-08-28 21:39:10,6377,rate
2020-08-28 21:39:11,3.1100000000000000,avg_latency
2020-08-28 21:39:11,33.104,max_latency
2020-08-28 21:39:11,0.407,min_latency
2020-08-28 21:39:11,7727,rate
2020-08-28 21:39:12,2.4800000000000000,avg_latency
2020-08-28 21:39:12,11.595,max_latency
2020-08-28 21:39:12,0.377,min_latency
2020-08-28 21:39:12,9669,rate
2020-08-28 21:39:13,2.7820000000000000,avg_latency
2020-08-28 21:39:13,13.687,max_latency
2020-08-28 21:39:13,0.387,min_latency
2020-08-28 21:39:13,8627,rate
2020-08-28 21:39:14,2.7840000000000000,avg_latency
2020-08-28 21:39:14,9.541,max_latency
2020-08-28 21:39:14,0.402,min_latency
2020-08-28 21:39:14,8609,rate
2020-08-28 21:39:15,3.0910000000000000,avg_latency
2020-08-28 21:39:15,46.710,max_latency
2020-08-28 21:39:15,0.411,min_latency
2020-08-28 21:39:15,7776,rate
2020-08-28 21:39:16,6.0200000000000000,avg_latency
2020-08-28 21:39:16,54.377,max_latency
2020-08-28 21:39:16,0.447,min_latency
2020-08-28 21:39:16,3918,rate
2020-08-28 21:39:17,6.4770000000000000,avg_latency
2020-08-28 21:39:17,56.913,max_latency
2020-08-28 21:39:17,0.443,min_latency
2020-08-28 21:39:17,3767,rate
2020-08-28 21:39:18,5.9960000000000000,avg_latency
2020-08-28 21:39:18,55.439,max_latency
2020-08-28 21:39:18,0.428,min_latency
2020-08-28 21:39:18,3943,rate
2020-08-28 21:39:19,4.9690000000000000,avg_latency
2020-08-28 21:39:19,52.366,max_latency
2020-08-28 21:39:19,0.398,min_latency
2020-08-28 21:39:19,4905,rate
2020-08-28 21:39:20,4.6120000000000000,avg_latency
2020-08-28 21:39:20,37.734,max_latency
2020-08-28 21:39:20,0.419,min_latency
2020-08-28 21:39:20,5162,rate
2020-08-28 21:39:21,5.0960000000000000,avg_latency
2020-08-28 21:39:21,55.264,max_latency
2020-08-28 21:39:21,0.402,min_latency
2020-08-28 21:39:21,4683,rate
2020-08-28 21:39:22,6.1710000000000000,avg_latency
2020-08-28 21:39:22,57.040,max_latency
2020-08-28 21:39:22,0.435,min_latency
2020-08-28 21:39:22,3941,rate
2020-08-28 21:39:23,5.6680000000000000,avg_latency
2020-08-28 21:39:23,56.773,max_latency
2020-08-28 21:39:23,0.417,min_latency
2020-08-28 21:39:23,4195,rate
2020-08-28 21:39:24,3.5610000000000000,avg_latency
2020-08-28 21:39:24,37.032,max_latency
2020-08-28 21:39:24,0.373,min_latency
2020-08-28 21:39:24,6799,rate
2020-08-28 21:39:25,2.7380000000000000,avg_latency
2020-08-28 21:39:25,17.607,max_latency
2020-08-28 21:39:25,0.392,min_latency
2020-08-28 21:39:25,8768,rate
2020-08-28 21:39:26,2.6240000000000000,avg_latency
2020-08-28 21:39:26,12.656,max_latency
2020-08-28 21:39:26,0.375,min_latency
2020-08-28 21:39:26,9144,rate
2020-08-28 21:39:27,2.7180000000000000,avg_latency
2020-08-28 21:39:27,11.812,max_latency
2020-08-28 21:39:27,0.378,min_latency
2020-08-28 21:39:27,8829,rate
2020-08-28 21:39:28,2.8380000000000000,avg_latency
2020-08-28 21:39:28,12.676,max_latency
2020-08-28 21:39:28,0.420,min_latency
2020-08-28 21:39:28,8461,rate
2020-08-28 21:39:29,5.2510000000000000,avg_latency
2020-08-28 21:39:29,61.876,max_latency
2020-08-28 21:39:29,0.440,min_latency
2020-08-28 21:39:29,4570,rate
2020-08-28 21:39:30,6.5030000000000000,avg_latency
2020-08-28 21:39:30,57.409,max_latency
2020-08-28 21:39:30,0.428,min_latency
2020-08-28 21:39:30,3687,rate
2020-08-28 21:39:31,5.8320000000000000,avg_latency
2020-08-28 21:39:31,60.026,max_latency
2020-08-28 21:39:31,0.443,min_latency
2020-08-28 21:39:31,4034,rate
2020-08-28 21:39:32,4.7610000000000000,avg_latency
2020-08-28 21:39:32,63.430,max_latency
2020-08-28 21:39:32,0.392,min_latency
2020-08-28 21:39:32,5144,rate
2020-08-28 21:39:33,4.6550000000000000,avg_latency
2020-08-28 21:39:33,45.411,max_latency
2020-08-28 21:39:33,0.396,min_latency
2020-08-28 21:39:33,5102,rate
2020-08-28 21:39:34,5.6910000000000000,avg_latency
2020-08-28 21:39:34,54.384,max_latency
2020-08-28 21:39:34,0.425,min_latency
2020-08-28 21:39:34,4262,rate
2020-08-28 21:39:35,6.4120000000000000,avg_latency
2020-08-28 21:39:35,52.225,max_latency
2020-08-28 21:39:35,0.406,min_latency
2020-08-28 21:39:35,3670,rate
2020-08-28 21:39:36,5.4430000000000000,avg_latency
2020-08-28 21:39:36,50.628,max_latency
2020-08-28 21:39:36,0.400,min_latency
2020-08-28 21:39:36,4496,rate
2020-08-28 21:39:37,4.3420000000000000,avg_latency
2020-08-28 21:39:37,36.786,max_latency
2020-08-28 21:39:37,0.381,min_latency
2020-08-28 21:39:37,5411,rate
2020-08-28 21:39:38,2.8470000000000000,avg_latency
2020-08-28 21:39:38,32.774,max_latency
2020-08-28 21:39:38,0.386,min_latency
2020-08-28 21:39:38,8604,rate
2020-08-28 21:39:39,2.8450000000000000,avg_latency
2020-08-28 21:39:39,16.046,max_latency
2020-08-28 21:39:39,0.423,min_latency
2020-08-28 21:39:39,8407,rate
2020-08-28 21:39:40,3.0660000000000000,avg_latency
2020-08-28 21:39:40,12.844,max_latency
2020-08-28 21:39:40,0.430,min_latency
2020-08-28 21:39:40,7848,rate
2020-08-28 21:39:41,3.0280000000000000,avg_latency
2020-08-28 21:39:41,10.168,max_latency
2020-08-28 21:39:41,0.410,min_latency
2020-08-28 21:39:41,7935,rate
2020-08-28 21:39:42,3.3690000000000000,avg_latency
2020-08-28 21:39:42,36.500,max_latency
2020-08-28 21:39:42,0.420,min_latency
2020-08-28 21:39:42,7069,rate
2020-08-28 21:39:43,6.9600000000000000,avg_latency
2020-08-28 21:39:43,55.583,max_latency
2020-08-28 21:39:43,0.426,min_latency
2020-08-28 21:39:43,3473,rate
2020-08-28 21:39:44,5.9830000000000000,avg_latency
2020-08-28 21:39:44,45.897,max_latency
2020-08-28 21:39:44,0.430,min_latency
2020-08-28 21:39:44,3952,rate
2020-08-28 21:39:45,6.9170000000000000,avg_latency
2020-08-28 21:39:45,59.254,max_latency
2020-08-28 21:39:45,0.401,min_latency
2020-08-28 21:39:45,3471,rate
2020-08-28 21:39:46,6.3690000000000000,avg_latency
2020-08-28 21:39:46,56.698,max_latency
2020-08-28 21:39:46,0.405,min_latency
2020-08-28 21:39:46,3807,rate
2020-08-28 21:39:47,5.7600000000000000,avg_latency
2020-08-28 21:39:47,63.878,max_latency
2020-08-28 21:39:47,0.449,min_latency
2020-08-28 21:39:47,4145,rate
2020-08-28 21:39:48,5.9860000000000000,avg_latency
2020-08-28 21:39:48,57.543,max_latency
2020-08-28 21:39:48,0.402,min_latency
2020-08-28 21:39:48,4045,rate
2020-08-28 21:39:49,6.3850000000000000,avg_latency
2020-08-28 21:39:49,51.987,max_latency
2020-08-28 21:39:49,0.441,min_latency
2020-08-28 21:39:49,3722,rate
2020-08-28 21:39:50,6.4450000000000000,avg_latency
2020-08-28 21:39:50,49.075,max_latency
2020-08-28 21:39:50,0.468,min_latency
2020-08-28 21:39:50,3757,rate
2020-08-28 21:39:51,5.8460000000000000,avg_latency
2020-08-28 21:39:51,44.187,max_latency
2020-08-28 21:39:51,0.423,min_latency
2020-08-28 21:39:51,4079,rate
2020-08-28 21:39:52,6.2810000000000000,avg_latency
2020-08-28 21:39:52,54.540,max_latency
2020-08-28 21:39:52,0.429,min_latency
2020-08-28 21:39:52,3853,rate
2020-08-28 21:39:53,2.8070000000000000,avg_latency
2020-08-28 21:39:53,12.852,max_latency
2020-08-28 21:39:53,0.429,min_latency
2020-08-28 21:39:53,8546,rate
2020-08-28 21:39:54,2.7700000000000000,avg_latency
2020-08-28 21:39:54,9.904,max_latency
2020-08-28 21:39:54,0.391,min_latency
2020-08-28 21:39:54,8652,rate
2020-08-28 21:39:55,2.7050000000000000,avg_latency
2020-08-28 21:39:55,9.264,max_latency
2020-08-28 21:39:55,0.404,min_latency
2020-08-28 21:39:55,8889,rate
2020-08-28 21:39:56,2.7200000000000000,avg_latency
2020-08-28 21:39:56,9.003,max_latency
2020-08-28 21:39:56,0.379,min_latency
2020-08-28 21:39:56,8820,rate
2020-08-28 21:39:57,3.1110000000000000,avg_latency
2020-08-28 21:39:57,27.057,max_latency
2020-08-28 21:39:57,0.387,min_latency
2020-08-28 21:39:57,7711,rate
2020-08-28 21:39:58,3.9440000000000000,avg_latency
2020-08-28 21:39:58,30.121,max_latency
2020-08-28 21:39:58,0.422,min_latency
2020-08-28 21:39:58,6083,rate
2020-08-28 21:39:59,4.2890000000000000,avg_latency
2020-08-28 21:39:59,30.697,max_latency
2020-08-28 21:39:59,0.390,min_latency
2020-08-28 21:39:59,5600,rate
2020-08-28 21:40:00,4.3760000000000000,avg_latency
2020-08-28 21:40:00,48.421,max_latency
2020-08-28 21:40:00,0.424,min_latency
2020-08-28 21:40:00,5479,rate
2020-08-28 21:40:01,5.9290000000000000,avg_latency
2020-08-28 21:40:01,55.289,max_latency
2020-08-28 21:40:01,0.456,min_latency
2020-08-28 21:40:01,4054,rate
2020-08-28 21:40:02,4.7020000000000000,avg_latency
2020-08-28 21:40:02,43.979,max_latency
2020-08-28 21:40:02,0.400,min_latency
2020-08-28 21:40:02,5045,rate
2020-08-28 21:40:03,3.8910000000000000,avg_latency
2020-08-28 21:40:03,26.407,max_latency
2020-08-28 21:40:03,0.417,min_latency
2020-08-28 21:40:03,6195,rate
2020-08-28 21:40:04,3.0930000000000000,avg_latency
2020-08-28 21:40:04,39.396,max_latency
2020-08-28 21:40:04,0.423,min_latency
2020-08-28 21:40:04,7817,rate
2020-08-28 21:40:05,2.6390000000000000,avg_latency
2020-08-28 21:40:05,10.491,max_latency
2020-08-28 21:40:05,0.407,min_latency
2020-08-28 21:40:05,9084,rate
2020-08-28 21:40:06,2.5880000000000000,avg_latency
2020-08-28 21:40:06,12.883,max_latency
2020-08-28 21:40:06,0.404,min_latency
2020-08-28 21:40:06,9287,rate
2020-08-28 21:40:07,2.6090000000000000,avg_latency
2020-08-28 21:40:07,10.154,max_latency
2020-08-28 21:40:07,0.380,min_latency
2020-08-28 21:40:07,9199,rate
2020-08-28 21:40:08,2.8580000000000000,avg_latency
2020-08-28 21:40:08,27.113,max_latency
2020-08-28 21:40:08,0.389,min_latency
2020-08-28 21:40:08,8320,rate
2020-08-28 21:40:09,4.3930000000000000,avg_latency
2020-08-28 21:40:09,31.548,max_latency
2020-08-28 21:40:09,0.437,min_latency
2020-08-28 21:40:09,5511,rate
2020-08-28 21:40:10,4.2150000000000000,avg_latency
2020-08-28 21:40:10,32.346,max_latency
2020-08-28 21:40:10,0.420,min_latency
2020-08-28 21:40:10,5634,rate
2020-08-28 21:40:11,4.9030000000000000,avg_latency
2020-08-28 21:40:11,45.108,max_latency
2020-08-28 21:40:11,0.435,min_latency
2020-08-28 21:40:11,4942,rate
2020-08-28 21:40:12,6.0250000000000000,avg_latency
2020-08-28 21:40:12,71.013,max_latency
2020-08-28 21:40:12,0.444,min_latency
2020-08-28 21:40:12,3950,rate
2020-08-28 21:40:13,4.9580000000000000,avg_latency
2020-08-28 21:40:13,54.751,max_latency
2020-08-28 21:40:13,0.433,min_latency
2020-08-28 21:40:13,4878,rate
2020-08-28 21:40:14,4.7690000000000000,avg_latency
2020-08-28 21:40:14,48.488,max_latency
2020-08-28 21:40:14,0.385,min_latency
2020-08-28 21:40:14,5026,rate
2020-08-28 21:40:15,5.0710000000000000,avg_latency
2020-08-28 21:40:15,50.314,max_latency
2020-08-28 21:40:15,0.409,min_latency
2020-08-28 21:40:15,4745,rate
2020-08-28 21:40:16,3.0930000000000000,avg_latency
2020-08-28 21:40:16,34.793,max_latency
2020-08-28 21:40:16,0.416,min_latency
2020-08-28 21:40:16,7764,rate
2020-08-28 21:40:17,2.9400000000000000,avg_latency
2020-08-28 21:40:17,13.117,max_latency
2020-08-28 21:40:17,0.374,min_latency
2020-08-28 21:40:17,8158,rate
2020-08-28 21:40:18,2.7630000000000000,avg_latency
2020-08-28 21:40:18,9.979,max_latency
2020-08-28 21:40:18,0.374,min_latency
2020-08-28 21:40:18,8690,rate
2020-08-28 21:40:19,2.8740000000000000,avg_latency
2020-08-28 21:40:19,11.565,max_latency
2020-08-28 21:40:19,0.412,min_latency
2020-08-28 21:40:19,8335,rate
2020-08-28 21:40:20,2.9090000000000000,avg_latency
2020-08-28 21:40:20,34.557,max_latency
2020-08-28 21:40:20,0.401,min_latency
2020-08-28 21:40:20,8135,rate
2020-08-28 21:40:21,6.0160000000000000,avg_latency
2020-08-28 21:40:21,55.532,max_latency
2020-08-28 21:40:21,0.384,min_latency
2020-08-28 21:40:21,4050,rate
2020-08-28 21:40:22,5.7540000000000000,avg_latency
2020-08-28 21:40:22,54.930,max_latency
2020-08-28 21:40:22,0.431,min_latency
2020-08-28 21:40:22,4171,rate
2020-08-28 21:40:23,4.4390000000000000,avg_latency
2020-08-28 21:40:23,34.794,max_latency
2020-08-28 21:40:23,0.416,min_latency
2020-08-28 21:40:23,5369,rate
2020-08-28 21:40:24,4.6910000000000000,avg_latency
2020-08-28 21:40:24,36.368,max_latency
2020-08-28 21:40:24,0.404,min_latency
2020-08-28 21:40:24,5144,rate
2020-08-28 21:40:25,4.4490000000000000,avg_latency
2020-08-28 21:40:25,42.512,max_latency
2020-08-28 21:40:25,0.397,min_latency
2020-08-28 21:40:25,5373,rate
2020-08-28 21:40:26,5.9120000000000000,avg_latency
2020-08-28 21:40:26,71.168,max_latency
2020-08-28 21:40:26,0.444,min_latency
2020-08-28 21:40:26,4085,rate
2020-08-28 21:40:27,5.9070000000000000,avg_latency
2020-08-28 21:40:27,57.421,max_latency
2020-08-28 21:40:27,0.381,min_latency
2020-08-28 21:40:27,4026,rate
2020-08-28 21:40:28,5.9360000000000000,avg_latency
2020-08-28 21:40:28,64.551,max_latency
2020-08-28 21:40:28,0.398,min_latency
2020-08-28 21:40:28,4072,rate
2020-08-28 21:40:29,3.9310000000000000,avg_latency
2020-08-28 21:40:29,61.660,max_latency
2020-08-28 21:40:29,0.397,min_latency
2020-08-28 21:40:29,6105,rate
2020-08-28 21:40:30,2.6750000000000000,avg_latency
2020-08-28 21:40:30,9.382,max_latency
2020-08-28 21:40:30,0.382,min_latency
2020-08-28 21:40:30,8982,rate
2020-08-28 21:40:31,2.8100000000000000,avg_latency
2020-08-28 21:40:31,13.271,max_latency
2020-08-28 21:40:31,0.409,min_latency
2020-08-28 21:40:31,8548,rate
2020-08-28 21:40:32,2.8460000000000000,avg_latency
2020-08-28 21:40:32,14.789,max_latency
2020-08-28 21:40:32,0.401,min_latency
2020-08-28 21:40:32,8422,rate
2020-08-28 21:40:33,3.0460000000000000,avg_latency
2020-08-28 21:40:33,12.511,max_latency
2020-08-28 21:40:33,0.417,min_latency
2020-08-28 21:40:33,7885,rate
2020-08-28 21:40:34,4.5500000000000000,avg_latency
2020-08-28 21:40:34,42.031,max_latency
2020-08-28 21:40:34,0.422,min_latency
2020-08-28 21:40:34,5174,rate
2020-08-28 21:40:35,5.3840000000000000,avg_latency
2020-08-28 21:40:35,42.038,max_latency
2020-08-28 21:40:35,0.448,min_latency
2020-08-28 21:40:35,4488,rate
2020-08-28 21:40:36,5.5350000000000000,avg_latency
2020-08-28 21:40:36,70.296,max_latency
2020-08-28 21:40:36,0.410,min_latency
2020-08-28 21:40:36,4345,rate
2020-08-28 21:40:37,6.5970000000000000,avg_latency
2020-08-28 21:40:37,68.392,max_latency
2020-08-28 21:40:37,0.462,min_latency
2020-08-28 21:40:37,3663,rate
2020-08-28 21:40:38,6.9260000000000000,avg_latency
2020-08-28 21:40:38,72.847,max_latency
2020-08-28 21:40:38,0.484,min_latency
2020-08-28 21:40:38,3477,rate
2020-08-28 21:40:39,6.4200000000000000,avg_latency
2020-08-28 21:40:39,64.433,max_latency
2020-08-28 21:40:39,0.411,min_latency
2020-08-28 21:40:39,3699,rate
2020-08-28 21:40:40,4.6730000000000000,avg_latency
2020-08-28 21:40:40,53.846,max_latency
2020-08-28 21:40:40,0.401,min_latency
2020-08-28 21:40:40,5188,rate
2020-08-28 21:40:41,3.8050000000000000,avg_latency
2020-08-28 21:40:41,23.841,max_latency
2020-08-28 21:40:41,0.368,min_latency
2020-08-28 21:40:41,6308,rate
2020-08-28 21:40:42,3.4360000000000000,avg_latency
2020-08-28 21:40:42,31.841,max_latency
2020-08-28 21:40:42,0.406,min_latency
2020-08-28 21:40:42,6985,rate
2020-08-28 21:40:43,2.6650000000000000,avg_latency
2020-08-28 21:40:43,12.780,max_latency
2020-08-28 21:40:43,0.408,min_latency
2020-08-28 21:40:43,9005,rate
2020-08-28 21:40:44,2.7760000000000000,avg_latency
2020-08-28 21:40:44,10.060,max_latency
2020-08-28 21:40:44,0.399,min_latency
2020-08-28 21:40:44,8648,rate
2020-08-28 21:40:45,2.5740000000000000,avg_latency
2020-08-28 21:40:45,11.370,max_latency
2020-08-28 21:40:45,0.381,min_latency
2020-08-28 21:40:45,9324,rate
2020-08-28 21:40:46,2.5170000000000000,avg_latency
2020-08-28 21:40:46,22.459,max_latency
2020-08-28 21:40:46,0.387,min_latency
2020-08-28 21:40:46,9497,rate
2020-08-28 21:40:47,3.7370000000000000,avg_latency
2020-08-28 21:40:47,22.755,max_latency
2020-08-28 21:40:47,0.365,min_latency
2020-08-28 21:40:47,6412,rate
2020-08-28 21:40:48,3.7660000000000000,avg_latency
2020-08-28 21:40:48,26.165,max_latency
2020-08-28 21:40:48,0.386,min_latency
2020-08-28 21:40:48,6373,rate
2020-08-28 21:40:49,4.0640000000000000,avg_latency
2020-08-28 21:40:49,31.224,max_latency
2020-08-28 21:40:49,0.415,min_latency
2020-08-28 21:40:49,5931,rate
2020-08-28 21:40:50,4.4990000000000000,avg_latency
2020-08-28 21:40:50,39.452,max_latency
2020-08-28 21:40:50,0.405,min_latency
2020-08-28 21:40:50,5339,rate
2020-08-28 21:40:51,4.3010000000000000,avg_latency
2020-08-28 21:40:51,37.528,max_latency
2020-08-28 21:40:51,0.403,min_latency
2020-08-28 21:40:51,5510,rate
2020-08-28 21:40:52,5.3100000000000000,avg_latency
2020-08-28 21:40:52,55.877,max_latency
2020-08-28 21:40:52,0.410,min_latency
2020-08-28 21:40:52,4553,rate
2020-08-28 21:40:53,4.2270000000000000,avg_latency
2020-08-28 21:40:53,52.515,max_latency
2020-08-28 21:40:53,0.423,min_latency
2020-08-28 21:40:53,5703,rate
2020-08-28 21:40:54,2.6700000000000000,avg_latency
2020-08-28 21:40:54,10.578,max_latency
2020-08-28 21:40:54,0.392,min_latency
2020-08-28 21:40:54,8992,rate
2020-08-28 21:40:55,2.7560000000000000,avg_latency
2020-08-28 21:40:55,13.061,max_latency
2020-08-28 21:40:55,0.375,min_latency
2020-08-28 21:40:55,8710,rate
2020-08-28 21:40:56,2.7370000000000000,avg_latency
2020-08-28 21:40:56,12.233,max_latency
2020-08-28 21:40:56,0.394,min_latency
2020-08-28 21:40:56,8771,rate
2020-08-28 21:40:57,2.7540000000000000,avg_latency
2020-08-28 21:40:57,11.618,max_latency
2020-08-28 21:40:57,0.401,min_latency
2020-08-28 21:40:57,8708,rate
2020-08-28 21:40:58,4.1250000000000000,avg_latency
2020-08-28 21:40:58,44.566,max_latency
2020-08-28 21:40:58,0.398,min_latency
2020-08-28 21:40:58,5821,rate
2020-08-28 21:40:59,6.0990000000000000,avg_latency
2020-08-28 21:40:59,53.237,max_latency
2020-08-28 21:40:59,0.421,min_latency
2020-08-28 21:40:59,3863,rate
2020-08-28 21:41:00,6.6050000000000000,avg_latency
2020-08-28 21:41:00,65.147,max_latency
2020-08-28 21:41:00,0.455,min_latency
2020-08-28 21:41:00,3698,rate
2020-08-28 21:41:01,6.7750000000000000,avg_latency
2020-08-28 21:41:01,67.336,max_latency
2020-08-28 21:41:01,0.442,min_latency
2020-08-28 21:41:01,3484,rate
2020-08-28 21:41:02,5.8150000000000000,avg_latency
2020-08-28 21:41:02,70.141,max_latency
2020-08-28 21:41:02,0.391,min_latency
2020-08-28 21:41:02,4162,rate
2020-08-28 21:41:03,6.6420000000000000,avg_latency
2020-08-28 21:41:03,61.844,max_latency
2020-08-28 21:41:03,0.400,min_latency
2020-08-28 21:41:03,3643,rate
2020-08-28 21:41:04,6.2810000000000000,avg_latency
2020-08-28 21:41:04,60.185,max_latency
2020-08-28 21:41:04,0.399,min_latency
2020-08-28 21:41:04,3789,rate
2020-08-28 21:41:05,6.0130000000000000,avg_latency
2020-08-28 21:41:05,65.040,max_latency
2020-08-28 21:41:05,0.422,min_latency
2020-08-28 21:41:05,3984,rate
2020-08-28 21:41:06,4.8190000000000000,avg_latency
2020-08-28 21:41:06,50.666,max_latency
2020-08-28 21:41:06,0.384,min_latency
2020-08-28 21:41:06,4995,rate
2020-08-28 21:41:07,5.2660000000000000,avg_latency
2020-08-28 21:41:07,54.872,max_latency
2020-08-28 21:41:07,0.407,min_latency
2020-08-28 21:41:07,4592,rate
2020-08-28 21:41:08,2.6900000000000000,avg_latency
2020-08-28 21:41:08,11.737,max_latency
2020-08-28 21:41:08,0.381,min_latency
2020-08-28 21:41:08,8919,rate
2020-08-28 21:41:09,2.9840000000000000,avg_latency
2020-08-28 21:41:09,13.166,max_latency
2020-08-28 21:41:09,0.430,min_latency
2020-08-28 21:41:09,8047,rate
2020-08-28 21:41:10,2.9560000000000000,avg_latency
2020-08-28 21:41:10,12.571,max_latency
2020-08-28 21:41:10,0.419,min_latency
2020-08-28 21:41:10,8122,rate
2020-08-28 21:41:11,2.9480000000000000,avg_latency
2020-08-28 21:41:11,16.067,max_latency
2020-08-28 21:41:11,0.419,min_latency
2020-08-28 21:41:11,8137,rate
2020-08-28 21:41:12,3.6460000000000000,avg_latency
2020-08-28 21:41:12,59.090,max_latency
2020-08-28 21:41:12,0.415,min_latency
2020-08-28 21:41:12,6495,rate
2020-08-28 21:41:13,5.7290000000000000,avg_latency
2020-08-28 21:41:13,53.523,max_latency
2020-08-28 21:41:13,0.407,min_latency
2020-08-28 21:41:13,4203,rate
2020-08-28 21:41:14,4.8170000000000000,avg_latency
2020-08-28 21:41:14,53.537,max_latency
2020-08-28 21:41:14,0.433,min_latency
2020-08-28 21:41:14,4973,rate
2020-08-28 21:41:15,4.2720000000000000,avg_latency
2020-08-28 21:41:15,34.240,max_latency
2020-08-28 21:41:15,0.384,min_latency
2020-08-28 21:41:15,5686,rate
2020-08-28 21:41:16,4.4280000000000000,avg_latency
2020-08-28 21:41:16,36.109,max_latency
2020-08-28 21:41:16,0.433,min_latency
2020-08-28 21:41:16,5361,rate
2020-08-28 21:41:17,4.4700000000000000,avg_latency
2020-08-28 21:41:17,36.785,max_latency
2020-08-28 21:41:17,0.407,min_latency
2020-08-28 21:41:17,5430,rate
2020-08-28 21:41:18,5.6250000000000000,avg_latency
2020-08-28 21:41:18,56.928,max_latency
2020-08-28 21:41:18,0.420,min_latency
2020-08-28 21:41:18,4263,rate
2020-08-28 21:41:19,4.2730000000000000,avg_latency
2020-08-28 21:41:19,51.881,max_latency
2020-08-28 21:41:19,0.387,min_latency
2020-08-28 21:41:19,5604,rate
2020-08-28 21:41:20,3.1060000000000000,avg_latency
2020-08-28 21:41:20,31.693,max_latency
2020-08-28 21:41:20,0.381,min_latency
2020-08-28 21:41:20,7740,rate
2020-08-28 21:41:21,2.6010000000000000,avg_latency
2020-08-28 21:41:21,13.211,max_latency
2020-08-28 21:41:21,0.324,min_latency
2020-08-28 21:41:21,9235,rate
2020-08-28 21:41:22,2.7710000000000000,avg_latency
2020-08-28 21:41:22,13.115,max_latency
2020-08-28 21:41:22,0.410,min_latency
2020-08-28 21:41:22,8654,rate
2020-08-28 21:41:23,2.8730000000000000,avg_latency
2020-08-28 21:41:23,11.865,max_latency
2020-08-28 21:41:23,0.376,min_latency
2020-08-28 21:41:23,8354,rate
2020-08-28 21:41:24,2.2650000000000000,avg_latency
2020-08-28 21:41:24,32.370,max_latency
2020-08-28 21:41:24,0.412,min_latency
2020-08-28 21:41:24,10602,rate
2020-08-28 21:41:25,4.0780000000000000,avg_latency
2020-08-28 21:41:25,40.357,max_latency
2020-08-28 21:41:25,0.435,min_latency
2020-08-28 21:41:25,5883,rate
2020-08-28 21:41:26,4.0080000000000000,avg_latency
2020-08-28 21:41:26,38.056,max_latency
2020-08-28 21:41:26,0.429,min_latency
2020-08-28 21:41:26,5984,rate
2020-08-28 21:41:27,4.6790000000000000,avg_latency
2020-08-28 21:41:27,43.027,max_latency
2020-08-28 21:41:27,0.431,min_latency
2020-08-28 21:41:27,5137,rate
2020-08-28 21:41:28,3.3190000000000000,avg_latency
2020-08-28 21:41:28,45.201,max_latency
2020-08-28 21:41:28,0.435,min_latency
2020-08-28 21:41:28,7177,rate
2020-08-28 21:41:29,3.0530000000000000,avg_latency
2020-08-28 21:41:29,28.225,max_latency
2020-08-28 21:41:29,0.408,min_latency
2020-08-28 21:41:29,7916,rate
2020-08-28 21:41:30,2.9930000000000000,avg_latency
2020-08-28 21:41:30,28.129,max_latency
2020-08-28 21:41:30,0.420,min_latency
2020-08-28 21:41:30,7967,rate
2020-08-28 21:41:31,3.1380000000000000,avg_latency
2020-08-28 21:41:31,30.321,max_latency
2020-08-28 21:41:31,0.412,min_latency
2020-08-28 21:41:31,7695,rate
2020-08-28 21:41:32,4.5640000000000000,avg_latency
2020-08-28 21:41:32,40.380,max_latency
2020-08-28 21:41:32,0.472,min_latency
2020-08-28 21:41:32,5254,rate
2020-08-28 21:41:33,3.4720000000000000,avg_latency
2020-08-28 21:41:33,49.672,max_latency
2020-08-28 21:41:33,0.463,min_latency
2020-08-28 21:41:33,6921,rate
2020-08-28 21:41:34,2.0350000000000000,avg_latency
2020-08-28 21:41:34,8.692,max_latency
2020-08-28 21:41:34,0.436,min_latency
2020-08-28 21:41:34,11725,rate
2020-08-28 21:41:35,2.0740000000000000,avg_latency
2020-08-28 21:41:35,10.123,max_latency
2020-08-28 21:41:35,0.406,min_latency
2020-08-28 21:41:35,11621,rate
2020-08-28 21:41:36,2.1340000000000000,avg_latency
2020-08-28 21:41:36,11.745,max_latency
2020-08-28 21:41:36,0.424,min_latency
2020-08-28 21:41:36,11267,rate
2020-08-28 21:41:37,2.0840000000000000,avg_latency
2020-08-28 21:41:37,12.069,max_latency
2020-08-28 21:41:37,0.432,min_latency
2020-08-28 21:41:37,11517,rate
2020-08-28 21:41:38,2.4820000000000000,avg_latency
2020-08-28 21:41:38,47.297,max_latency
2020-08-28 21:41:38,0.413,min_latency
2020-08-28 21:41:38,9570,rate
2020-08-28 21:41:39,4.0590000000000000,avg_latency
2020-08-28 21:41:39,45.672,max_latency
2020-08-28 21:41:39,0.431,min_latency
2020-08-28 21:41:39,5973,rate
2020-08-28 21:41:40,3.0360000000000000,avg_latency
2020-08-28 21:41:40,32.728,max_latency
2020-08-28 21:41:40,0.443,min_latency
2020-08-28 21:41:40,7884,rate
2020-08-28 21:41:41,3.1340000000000000,avg_latency
2020-08-28 21:41:41,25.842,max_latency
2020-08-28 21:41:41,0.464,min_latency
2020-08-28 21:41:41,7644,rate
2020-08-28 21:41:42,3.0890000000000000,avg_latency
2020-08-28 21:41:42,32.227,max_latency
2020-08-28 21:41:42,0.458,min_latency
2020-08-28 21:41:42,7786,rate
2020-08-28 21:41:43,3.6330000000000000,avg_latency
2020-08-28 21:41:43,78.011,max_latency
2020-08-28 21:41:43,0.438,min_latency
2020-08-28 21:41:43,6562,rate
2020-08-28 21:41:44,4.2660000000000000,avg_latency
2020-08-28 21:41:44,44.339,max_latency
2020-08-28 21:41:44,0.389,min_latency
2020-08-28 21:41:44,5610,rate
2020-08-28 21:41:45,3.7420000000000000,avg_latency
2020-08-28 21:41:45,42.209,max_latency
2020-08-28 21:41:45,0.407,min_latency
2020-08-28 21:41:45,6487,rate
2020-08-28 21:41:46,3.7630000000000000,avg_latency
2020-08-28 21:41:46,40.684,max_latency
2020-08-28 21:41:46,0.449,min_latency
2020-08-28 21:41:46,6379,rate
2020-08-28 21:41:47,2.5910000000000000,avg_latency
2020-08-28 21:41:47,41.243,max_latency
2020-08-28 21:41:47,0.446,min_latency
2020-08-28 21:41:47,9262,rate
2020-08-28 21:41:48,2.2640000000000000,avg_latency
2020-08-28 21:41:48,11.752,max_latency
2020-08-28 21:41:48,0.466,min_latency
2020-08-28 21:41:48,10600,rate
2020-08-28 21:41:49,2.1730000000000000,avg_latency
2020-08-28 21:41:49,8.181,max_latency
2020-08-28 21:41:49,0.420,min_latency
2020-08-28 21:41:49,11049,rate
2020-08-28 21:41:50,2.1040000000000000,avg_latency
2020-08-28 21:41:50,7.840,max_latency
2020-08-28 21:41:50,0.405,min_latency
2020-08-28 21:41:50,11407,rate
2020-08-28 21:41:51,2.2090000000000000,avg_latency
2020-08-28 21:41:51,10.951,max_latency
2020-08-28 21:41:51,0.438,min_latency
2020-08-28 21:41:51,10846,rate
2020-08-28 21:41:52,2.7570000000000000,avg_latency
2020-08-28 21:41:52,44.958,max_latency
2020-08-28 21:41:52,0.475,min_latency
2020-08-28 21:41:52,8643,rate
2020-08-28 21:41:53,4.3880000000000000,avg_latency
2020-08-28 21:41:53,47.684,max_latency
2020-08-28 21:41:53,0.450,min_latency
2020-08-28 21:41:53,5468,rate
2020-08-28 21:41:54,4.4500000000000000,avg_latency
2020-08-28 21:41:54,39.362,max_latency
2020-08-28 21:41:54,0.471,min_latency
2020-08-28 21:41:54,5415,rate
2020-08-28 21:41:55,4.6160000000000000,avg_latency
2020-08-28 21:41:55,41.647,max_latency
2020-08-28 21:41:55,0.472,min_latency
2020-08-28 21:41:55,5227,rate
2020-08-28 21:41:56,4.6860000000000000,avg_latency
2020-08-28 21:41:56,52.049,max_latency
2020-08-28 21:41:56,0.477,min_latency
2020-08-28 21:41:56,5115,rate
2020-08-28 21:41:57,4.4830000000000000,avg_latency
2020-08-28 21:41:57,50.565,max_latency
2020-08-28 21:41:57,0.505,min_latency
2020-08-28 21:41:57,5350,rate
2020-08-28 21:41:58,4.5520000000000000,avg_latency
2020-08-28 21:41:58,68.575,max_latency
2020-08-28 21:41:58,0.481,min_latency
2020-08-28 21:41:58,5195,rate
2020-08-28 21:41:59,4.4310000000000000,avg_latency
2020-08-28 21:41:59,52.087,max_latency
2020-08-28 21:41:59,0.464,min_latency
2020-08-28 21:41:59,5443,rate
2020-08-28 21:42:00,4.7200000000000000,avg_latency
2020-08-28 21:42:00,56.486,max_latency
2020-08-28 21:42:00,0.437,min_latency
2020-08-28 21:42:00,5036,rate
2020-08-28 21:42:01,5.0350000000000000,avg_latency
2020-08-28 21:42:01,65.608,max_latency
2020-08-28 21:42:01,0.427,min_latency
2020-08-28 21:42:01,4838,rate
2020-08-28 21:42:02,5.8800000000000000,avg_latency
2020-08-28 21:42:02,63.133,max_latency
2020-08-28 21:42:02,0.488,min_latency
2020-08-28 21:42:02,4109,rate
2020-08-28 21:42:03,3.5040000000000000,avg_latency
2020-08-28 21:42:03,58.127,max_latency
2020-08-28 21:42:03,0.400,min_latency
2020-08-28 21:42:03,6847,rate
2020-08-28 21:42:04,1.9420000000000000,avg_latency
2020-08-28 21:42:04,11.311,max_latency
2020-08-28 21:42:04,0.401,min_latency
2020-08-28 21:42:04,12357,rate
2020-08-28 21:42:05,1.9530000000000000,avg_latency
2020-08-28 21:42:05,11.662,max_latency
2020-08-28 21:42:05,0.398,min_latency
2020-08-28 21:42:05,12290,rate
2020-08-28 21:42:06,1.9780000000000000,avg_latency
2020-08-28 21:42:06,10.293,max_latency
2020-08-28 21:42:06,0.396,min_latency
2020-08-28 21:42:06,12127,rate
2020-08-28 21:42:07,1.9770000000000000,avg_latency
2020-08-28 21:42:07,10.387,max_latency
2020-08-28 21:42:07,0.445,min_latency
2020-08-28 21:42:07,12143,rate
2020-08-28 21:42:08,2.5950000000000000,avg_latency
2020-08-28 21:42:08,30.254,max_latency
2020-08-28 21:42:08,0.442,min_latency
2020-08-28 21:42:08,9250,rate
2020-08-28 21:42:09,3.2100000000000000,avg_latency
2020-08-28 21:42:09,27.776,max_latency
2020-08-28 21:42:09,0.444,min_latency
2020-08-28 21:42:09,7415,rate
2020-08-28 21:42:10,3.4880000000000000,avg_latency
2020-08-28 21:42:10,32.109,max_latency
2020-08-28 21:42:10,0.404,min_latency
2020-08-28 21:42:10,6938,rate
2020-08-28 21:42:11,3.0670000000000000,avg_latency
2020-08-28 21:42:11,31.104,max_latency
2020-08-28 21:42:11,0.424,min_latency
2020-08-28 21:42:11,7787,rate
2020-08-28 21:42:12,3.0760000000000000,avg_latency
2020-08-28 21:42:12,55.291,max_latency
2020-08-28 21:42:12,0.461,min_latency
2020-08-28 21:42:12,7832,rate
2020-08-28 21:42:13,3.5490000000000000,avg_latency
2020-08-28 21:42:13,32.742,max_latency
2020-08-28 21:42:13,0.423,min_latency
2020-08-28 21:42:13,6765,rate
2020-08-28 21:42:14,4.0920000000000000,avg_latency
2020-08-28 21:42:14,44.483,max_latency
2020-08-28 21:42:14,0.480,min_latency
2020-08-28 21:42:14,5806,rate
2020-08-28 21:42:15,4.3140000000000000,avg_latency
2020-08-28 21:42:15,46.305,max_latency
2020-08-28 21:42:15,0.440,min_latency
2020-08-28 21:42:15,5564,rate
2020-08-28 21:42:16,4.3630000000000000,avg_latency
2020-08-28 21:42:16,45.373,max_latency
2020-08-28 21:42:16,0.426,min_latency
2020-08-28 21:42:16,5505,rate
2020-08-28 21:42:17,2.5570000000000000,avg_latency
2020-08-28 21:42:17,64.035,max_latency
2020-08-28 21:42:17,0.458,min_latency
2020-08-28 21:42:17,9478,rate
2020-08-28 21:42:18,2.2680000000000000,avg_latency
2020-08-28 21:42:18,8.672,max_latency
2020-08-28 21:42:18,0.445,min_latency
2020-08-28 21:42:18,10576,rate
2020-08-28 21:42:19,2.2320000000000000,avg_latency
2020-08-28 21:42:19,9.845,max_latency
2020-08-28 21:42:19,0.429,min_latency
2020-08-28 21:42:19,10755,rate
2020-08-28 21:42:20,2.1560000000000000,avg_latency
2020-08-28 21:42:20,12.103,max_latency
2020-08-28 21:42:20,0.423,min_latency
2020-08-28 21:42:20,11129,rate
2020-08-28 21:42:21,2.0740000000000000,avg_latency
2020-08-28 21:42:21,13.743,max_latency
2020-08-28 21:42:21,0.423,min_latency
2020-08-28 21:42:21,11579,rate
2020-08-28 21:42:22,2.5770000000000000,avg_latency
2020-08-28 21:42:22,26.689,max_latency
2020-08-28 21:42:22,0.391,min_latency
2020-08-28 21:42:22,9310,rate
2020-08-28 21:42:23,2.9440000000000000,avg_latency
2020-08-28 21:42:23,30.149,max_latency
2020-08-28 21:42:23,0.416,min_latency
2020-08-28 21:42:23,8097,rate
2020-08-28 21:42:24,3.7500000000000000,avg_latency
2020-08-28 21:42:24,41.212,max_latency
2020-08-28 21:42:24,0.453,min_latency
2020-08-28 21:42:24,6357,rate
2020-08-28 21:42:25,3.7330000000000000,avg_latency
2020-08-28 21:42:25,37.345,max_latency
2020-08-28 21:42:25,0.438,min_latency
2020-08-28 21:42:25,6445,rate
2020-08-28 21:42:26,4.2030000000000000,avg_latency
2020-08-28 21:42:26,58.021,max_latency
2020-08-28 21:42:26,0.439,min_latency
2020-08-28 21:42:26,5726,rate
2020-08-28 21:42:27,4.3380000000000000,avg_latency
2020-08-28 21:42:27,46.853,max_latency
2020-08-28 21:42:27,0.417,min_latency
2020-08-28 21:42:27,5503,rate
2020-08-28 21:42:28,4.2950000000000000,avg_latency
2020-08-28 21:42:28,44.272,max_latency
2020-08-28 21:42:28,0.491,min_latency
2020-08-28 21:42:28,5665,rate
2020-08-28 21:42:29,4.4480000000000000,avg_latency
2020-08-28 21:42:29,40.849,max_latency
2020-08-28 21:42:29,0.494,min_latency
2020-08-28 21:42:29,5396,rate
2020-08-28 21:42:30,4.4350000000000000,avg_latency
2020-08-28 21:42:30,47.207,max_latency
2020-08-28 21:42:30,0.488,min_latency
2020-08-28 21:42:30,5406,rate
2020-08-28 21:42:31,4.2500000000000000,avg_latency
2020-08-28 21:42:31,60.421,max_latency
2020-08-28 21:42:31,0.464,min_latency
2020-08-28 21:42:31,5653,rate
2020-08-28 21:42:32,2.1420000000000000,avg_latency
2020-08-28 21:42:32,13.826,max_latency
2020-08-28 21:42:32,0.398,min_latency
2020-08-28 21:42:32,11207,rate
2020-08-28 21:42:33,2.0260000000000000,avg_latency
2020-08-28 21:42:33,10.375,max_latency
2020-08-28 21:42:33,0.421,min_latency
2020-08-28 21:42:33,11845,rate
2020-08-28 21:42:34,1.9530000000000000,avg_latency
2020-08-28 21:42:34,8.795,max_latency
2020-08-28 21:42:34,0.419,min_latency
2020-08-28 21:42:34,12288,rate
2020-08-28 21:42:35,1.9070000000000000,avg_latency
2020-08-28 21:42:35,11.165,max_latency
2020-08-28 21:42:35,0.425,min_latency
2020-08-28 21:42:35,12586,rate
2020-08-28 21:42:36,2.1840000000000000,avg_latency
2020-08-28 21:42:36,21.115,max_latency
2020-08-28 21:42:36,0.379,min_latency
2020-08-28 21:42:36,10984,rate
2020-08-28 21:42:37,3.1660000000000000,avg_latency
2020-08-28 21:42:37,32.283,max_latency
2020-08-28 21:42:37,0.432,min_latency
2020-08-28 21:42:37,7553,rate
2020-08-28 21:42:38,4.1640000000000000,avg_latency
2020-08-28 21:42:38,45.149,max_latency
2020-08-28 21:42:38,0.441,min_latency
2020-08-28 21:42:38,5754,rate
2020-08-28 21:42:39,4.3210000000000000,avg_latency
2020-08-28 21:42:39,47.720,max_latency
2020-08-28 21:42:39,0.499,min_latency
2020-08-28 21:42:39,5586,rate
2020-08-28 21:42:40,3.4650000000000000,avg_latency
2020-08-28 21:42:40,40.857,max_latency
2020-08-28 21:42:40,0.463,min_latency
2020-08-28 21:42:40,6925,rate
2020-08-28 21:42:41,2.9370000000000000,avg_latency
2020-08-28 21:42:41,25.025,max_latency
2020-08-28 21:42:41,0.424,min_latency
2020-08-28 21:42:41,8132,rate
2020-08-28 21:42:42,2.8690000000000000,avg_latency
2020-08-28 21:42:42,24.715,max_latency
2020-08-28 21:42:42,0.439,min_latency
2020-08-28 21:42:42,8338,rate
2020-08-28 21:42:43,2.9070000000000000,avg_latency
2020-08-28 21:42:43,22.448,max_latency
2020-08-28 21:42:43,0.435,min_latency
2020-08-28 21:42:43,8259,rate
2020-08-28 21:42:44,2.7840000000000000,avg_latency
2020-08-28 21:42:44,36.579,max_latency
2020-08-28 21:42:44,0.410,min_latency
2020-08-28 21:42:44,8690,rate
2020-08-28 21:42:45,2.1190000000000000,avg_latency
2020-08-28 21:42:45,10.038,max_latency
2020-08-28 21:42:45,0.409,min_latency
2020-08-28 21:42:45,11330,rate
2020-08-28 21:42:46,2.1990000000000000,avg_latency
2020-08-28 21:42:46,10.957,max_latency
2020-08-28 21:42:46,0.453,min_latency
2020-08-28 21:42:46,10907,rate
2020-08-28 21:42:47,2.1840000000000000,avg_latency
2020-08-28 21:42:47,7.298,max_latency
2020-08-28 21:42:47,0.457,min_latency
2020-08-28 21:42:47,10985,rate
2020-08-28 21:42:48,2.2800000000000000,avg_latency
2020-08-28 21:42:48,10.952,max_latency
2020-08-28 21:42:48,0.459,min_latency
2020-08-28 21:42:48,10530,rate
2020-08-28 21:42:49,2.1940000000000000,avg_latency
2020-08-28 21:42:49,9.442,max_latency
2020-08-28 21:42:49,0.451,min_latency
2020-08-28 21:42:49,10946,rate
2020-08-28 21:42:50,3.4670000000000000,avg_latency
2020-08-28 21:42:50,32.410,max_latency
2020-08-28 21:42:50,0.399,min_latency
2020-08-28 21:42:50,6900,rate
2020-08-28 21:42:51,3.3350000000000000,avg_latency
2020-08-28 21:42:51,31.555,max_latency
2020-08-28 21:42:51,0.400,min_latency
2020-08-28 21:42:51,7216,rate
2020-08-28 21:42:52,3.2480000000000000,avg_latency
2020-08-28 21:42:52,30.688,max_latency
2020-08-28 21:42:52,0.408,min_latency
2020-08-28 21:42:52,7359,rate
2020-08-28 21:42:53,3.0340000000000000,avg_latency
2020-08-28 21:42:53,26.173,max_latency
2020-08-28 21:42:53,0.427,min_latency
2020-08-28 21:42:53,7918,rate
2020-08-28 21:42:54,3.3770000000000000,avg_latency
2020-08-28 21:42:54,36.660,max_latency
2020-08-28 21:42:54,0.397,min_latency
2020-08-28 21:42:54,7131,rate
2020-08-28 21:42:55,3.2520000000000000,avg_latency
2020-08-28 21:42:55,30.043,max_latency
2020-08-28 21:42:55,0.442,min_latency
2020-08-28 21:42:55,7325,rate
2020-08-28 21:42:56,4.9200000000000000,avg_latency
2020-08-28 21:42:56,41.162,max_latency
2020-08-28 21:42:56,0.466,min_latency
2020-08-28 21:42:56,4915,rate
2020-08-28 21:42:57,4.4140000000000000,avg_latency
2020-08-28 21:42:57,38.477,max_latency
2020-08-28 21:42:57,0.482,min_latency
2020-08-28 21:42:57,3278,rate
